19994,259,0.6350029819720501
19994,198,0.5428583215583455
19994,304,0.4577180840271084
19994,204,0.37884632965513304
19994,141,0.3377130982723642
19994,260,0.28901428763683024
19994,180,0.2469147098561128
19994,226,0.20674492728657426
19994,227,0.17327896072344634
19994,124,0.1490703141617198
19994,156,0.1339462908128133
19994,107,0.12123863573107764
19994,175,0.10488434591463634
19994,191,0.09172781570497608
19994,329,0.07204187859563117
19994,318,0.05491619682490076
19994,68,0.047369735918062573
19994,404,0.03791920087844281
19994,386,0.02741898449712042
19994,310,0.0209579341459058
19994,343,0.016871362775238367
19994,35,0.013254433750574078
19994,334,0.014089426373600023
19994,69,0.01245244811086551
19994,232,0.01230539958412229
19994,304,0.011221299381424231
19994,110,0.010584824457129632
19994,240,0.009256625711956682
19994,232,0.00964099316554674
19994,86,0.009125569020397961
19994,50,0.00900474882684648
19994,338,0.008902025581254849
19994,135,0.00882964567453773
19994,142,0.008588106725627268
19994,205,0.008344754427330705
19994,67,0.007896654874280984
19994,119,0.008091474357921975
19994,201,0.008301270134696061
19994,81,0.008675751882823712
19994,355,0.00797836629732866
19994,398,0.007983941256639608
19994,241,0.007697146634679458
19994,284,0.007417383300825875
19994,296,0.007894069846205073
19994,168,0.007418048743385866
19994,304,0.361749980313394
19994,75,0.5061387463410696
19994,91,0.4488641367508815
19994,296,0.34926080653393593
19994,153,0.249726199928452
19994,245,0.18410918174349533
19994,110,0.13599280593070118
19994,203,0.11984881156771054
19994,201,0.0819743367199281
19994,64,0.07869661241420545
19994,249,0.06514596027961697
19994,271,0.0486185784482593
19994,50,0.03716323897242546
19994,57,0.046144718827124225
19994,338,0.03858684189893173
19994,152,0.036717492293590975
19994,161,0.03738236990149902
19994,223,0.03302548085694356
19994,337,0.03201123884566769
19994,201,0.03178863690248621
19994,77,0.03183595473309616
19994,287,0.03143453766439331
19994,292,0.029766242975075664
19994,303,0.03188135201594002
19994,140,0.032606024907103605
19994,279,0.033507945605196515
19994,235,0.0305663870350319
19994,63,0.03178987242577095
19994,204,0.032932988984291166
19994,93,0.02738640866472676
19994,56,0.029836942362765382
19994,161,0.03202902129995897
19994,84,0.030627022231263772
19994,50,0.030520311407744884
19994,265,0.03247747660421257
19994,382,0.03150959875975877
19994,86,0.03162155601434236
19994,208,0.03149274877908353
19994,182,0.032245509045014345
19994,364,0.03077801826645385
19994,59,0.03047007495158557
19994,55,0.03094949105077169
19994,185,0.03137634341177103
19994,271,0.029970060339767995
19994,92,0.02955536224940063
19994,114,0.02747904003614135
19994,285,0.02909818721461322
19994,169,0.028191349850747095
19994,201,0.030894856426206912
19994,109,0.02796857057293074
19994,317,0.028425684652646728
19994,252,0.028374231422305225
19994,182,0.028669186473752443
19994,231,0.03018720368189471
34621,143,0.3497925042272448
34621,200,0.24738502349704505
34621,124,0.1725768126967934
34621,82,0.14001446989614788
34621,145,0.12309975526456175
34621,126,0.10509341961098095
34621,93,0.10115944327766536
34621,294,0.08147301290779799
34621,91,0.07380937683590494
34621,63,0.08219396988196033
34621,255,0.0697366023691846
34621,77,0.06579513741391045
34621,90,0.07748970175161958
34621,120,0.06653248622703055
34621,127,0.07139452859231336
34621,32,0.07137951454205904
34621,80,0.07987687727436424
34621,164,0.05987499608578751
34621,104,0.06474411992642742
34621,200,0.07056222004350275
34621,73,0.07168517930254545
34621,333,0.06728027722946517
34621,151,0.06503129565459213
34621,328,0.06499762395567192
34621,275,0.06517463850704107
34621,92,0.06923804529335188
34621,119,0.06630651601159773
34621,125,0.059565939888358115
34621,39,0.07891871964033598
34621,255,0.06115545018703914
34621,217,0.06885497836387515
34621,146,0.06670955486582873
34621,278,0.06990459898031122
34621,306,0.06604298051397979
34621,386,0.06569265476500355
34621,248,0.061198045923975444
34621,161,0.06613591441202053
34621,280,0.06213812679052353
34621,69,0.07357058998035348
34621,63,0.05688225826810277
34621,53,0.08228736321599979
34621,86,0.06700167851522565
34621,104,0.0647051717297962
34621,177,0.06570898785155876
34621,138,0.05828201239658655
34621,135,0.05873001009501793
34621,140,0.05936002813811813
34621,95,0.058756010900986824
34621,56,0.05503430165949145
34621,88,0.06564625255784697
34621,245,0.05776025906813388
34621,105,0.06474584452807904
34621,111,0.06996786423228882
34621,196,0.06606645614136847
34621,181,0.05978194459531847
34621,39,0.056958967581009254
34621,104,0.051146764505224734
34621,216,0.06454174064048049
34621,73,0.058159109587742855
34621,95,0.05492276465030093
34621,197,0.0557998775688903
34621,178,0.06297773710357842
34621,48,0.0565168468747288
34621,36,0.06734344088989827
34621,171,0.058489548361026926
34621,226,0.06115348287652024
34621,232,0.3782554242984745
34621,60,0.2849615936477979
34621,165,0.21805193254893476
34621,219,0.15598423847903128
34621,149,0.12290413696443875
34621,145,0.11548242626775955
34621,235,0.12029766176054452
34621,40,0.11547316745854914
34621,135,0.1100089752011829
34621,99,0.10704575834626501
34621,180,0.10772537803277374
34621,75,0.10180517723162968
34621,62,0.10324469917724209
34621,82,0.11558928265713336
34621,70,0.0937566056315388
34621,279,0.11100881783739
34621,176,0.10545416352529587
34621,112,0.09803207130503974
34621,94,0.10685238850481332
34621,213,0.1135633622903919
34621,109,0.1022491672956342
34621,100,0.09949502943083643
34621,113,0.1018834087041627
34621,195,0.11231228449405768
34621,292,0.10867444998010585
34621,206,0.10494415931747232
34621,74,0.12868560984025937
34621,79,0.11141306555629531
34621,219,0.09400491569548437
34621,104,0.10307887848466635
34621,111,0.09600788188745847
34621,149,0.08728215770933452
34621,54,0.10060110436407504
45814,170,0.11244506761431694
45814,51,0.10519226485242446
45814,270,0.10550583456125524
45814,110,0.09323006544092839
45814,281,0.10993494930282713
45814,141,0.09540541130547406
45814,171,0.10717862374993445
45814,70,0.11286896147898265
45814,70,0.09240035502506154
45814,150,0.10955306188513836
45814,69,0.10371561023150233
45814,138,0.08914314927128346
45814,134,0.09969803198838412
45814,79,0.1089750911710383
45814,270,0.09636049149213013
45814,104,0.10542950271449697
45814,174,0.10225105870397355
45814,45,0.09258730003817214
45814,28,0.12855878126408374
45814,37,0.13666540157754678
45814,38,0.08334819948006618
45814,208,0.11260312654149647
45814,90,0.09256747015234497
45814,164,0.1080174879511682
45814,71,0.10125423398550967
45814,68,0.10726737784331336
45814,92,0.11074449239379686
45814,45,0.08073169783585601
45814,40,0.11156517188064755
45814,102,0.10719981983157933
45814,268,0.11406431299870584
45814,123,0.1119929929453183
45814,114,0.10629463684336658
45814,154,0.10123692810317719
45814,85,0.09396521645214628
45814,60,0.10494301825140913
45814,37,0.10827473561103279
45814,73,0.08753665983166596
45814,83,0.10472508588334523
45814,261,0.10501787138539027
45814,120,0.10011603819051136
45814,87,0.09775458554598107
45814,36,0.08061094716605213
45814,72,0.10864903793359797
45814,50,0.09358377862721681
45814,75,0.12065709012250106
45814,85,0.12112514396362445
45814,71,0.40340531397033746
45814,134,0.38588762316686004
45814,173,0.2931168464467276
45814,63,0.23883388059273844
45814,77,0.21592170062970806
45814,47,0.19084789437499453
45814,96,0.23405410593841225
45814,99,0.173201931584062
45814,38,0.19323030692574225
45814,137,0.1568821931586546
45814,259,0.15939290991995095
45814,140,0.14267901896632143
45814,95,0.1532056827490267
45814,102,0.16521520876124793
45814,110,0.15521389205347408
45814,185,0.18517421983383797
45814,142,0.14377250248922946
45814,109,0.1584524976037373
45814,284,0.16076431240487313
45814,181,0.14372548515501932
45814,71,0.1586052078596303
45814,51,0.13716538649052382
45814,93,0.14041145482370931
45814,229,0.1422498353216065
45814,29,0.23239935908851952
45814,174,0.16012961502004971
45814,117,0.12683835620872486
45814,43,0.11856136973514113
45814,95,0.16201700111360925
45814,51,0.11472111450983029
45814,42,0.15622004494071007
45814,163,0.14716130724759555
45814,69,0.17744967373816864
45814,108,0.17840856672437103
45814,47,0.147179717079122
45814,50,0.14583869602531194
45814,55,0.18580350608310917
45814,297,0.1596970145436951
45814,188,0.15137660685667698
45814,121,0.15306461253203452
45814,79,0.1646911249233362
45814,62,0.15997842398862686
45814,125,0.17344793136417866
45814,44,0.15251434094865213
45814,132,0.15664100065601594
45814,38,0.16824264883210785
45814,240,0.16235146998081
45814,63,0.11323546505873165
45814,56,0.15813088955889856
45814,34,0.1340770134154488
45814,111,0.13858663461901047
45814,210,0.13239310154664602
56970,79,0.16914229496167257
56970,241,0.1478669417488748
56970,195,0.1446217702816903
56970,178,0.1504956977232621
56970,16,0.0831824344350025
56970,116,0.1572996756094026
56970,141,0.14226159259201365
56970,118,0.1367406320447723
56970,45,0.1689356905511684
56970,280,0.15297749741370106
56970,96,0.14601588598452508
56970,177,0.15471725616688756
56970,57,0.11895338741929404
56970,174,0.12960739049324116
56970,116,0.14636440670684628
56970,62,0.14535018963919533
56970,218,0.14079092857385173
56970,36,0.1498287987584869
56970,102,0.12337200965105306
56970,176,0.12981149974953513
56970,272,0.12353406382252032
56970,64,0.1489694403426256
56970,119,0.12869166866165854
56970,52,0.15017647493411512
56970,105,0.1513282616046213
56970,196,0.14303031989779227
56970,216,0.13953426218143217
56970,192,0.14344045441248454
56970,52,0.12517933955845925
56970,165,0.1701396968780142
56970,92,0.25906249566861755
56970,130,0.3898731556837447
56970,24,0.2913514463149983
56970,181,0.24940590735190035
56970,110,0.1859419314071126
56970,50,0.20676581987312861
56970,39,0.233268850961247
56970,115,0.16707634200741137
56970,56,0.18048871232679597
56970,79,0.16669399529009274
56970,191,0.18020952394221976
56970,90,0.18982877573546242
56970,185,0.14946427081965588
56970,112,0.15562614695065552
56970,184,0.15596131974069233
56970,104,0.1400882131466181
56970,169,0.18230942516741944
56970,89,0.12810828824612228
56970,37,0.19216421214597565
56970,68,0.14691157593176915
56970,103,0.13478621993757164
56970,145,0.13859407904424836
56970,109,0.12152920294409761
56970,101,0.15244059128321938
56970,246,0.13768200398949176
56970,61,0.1303757061089935
56970,104,0.1483215881756159
56970,49,0.14199328544023243
56970,83,0.1354235940247397
56970,176,0.1397049359699584
56970,41,0.14242412899507256
56970,151,0.14309022389352322
56970,87,0.1513816240770989
56970,186,0.14339061155503627
56970,63,0.15274776253969438
56970,44,0.12484058737754822
56970,65,0.15195152394118763
56970,150,0.1417222753479764
56970,95,0.11980759499387608
56970,122,0.1377241531194284
56970,66,0.14482538312159735
56970,201,0.1326952775842265
56970,54,0.14673323886325726
56970,171,0.13298329238936027
56970,89,0.15088749833968143
56970,26,0.10848058596253395
56970,115,0.16018079400614457
56970,46,0.10207085042845371
56970,59,0.16938460066362662
56970,46,0.13207334364679726
56970,40,0.17845036040403342
56970,43,0.1312612360993097
56970,35,0.11863218849258764
56970,171,0.14639018969722542
56970,20,0.1317494437098503
56970,82,0.11767120296374345
56970,82,0.11896230440395765
56970,120,0.13399157708359732
56970,187,0.15714759635197562
56970,76,0.12163993228279368
56970,100,0.15652733754056194
56970,80,0.1229013431713813
56970,39,0.12533409319616653
56970,80,0.12432456746697426
56970,98,0.1356237761594437
56970,149,0.1428004956898698
56970,142,0.10849745222892528
56970,131,0.12312810920363615
56970,189,0.1316000681522994
66504,46,0.14453442496332256
66504,122,0.12853890425411232
66504,83,0.14051309761125594
66504,71,0.14871111161568584
66504,58,0.14281596060384782
66504,80,0.1421503895521164
66504,54,0.11731868927987914
66504,95,0.13800885491482504
66504,89,0.11717670288267015
66504,46,0.10913369208574294
66504,157,0.12112302056271328
66504,156,0.12113785518372393
66504,50,0.10770638318111499
66504,135,0.11776688948157243
66504,45,0.1062026396393776
66504,52,0.10318152940211196
66504,222,0.10743360390758835
66504,146,0.10471702231360333
66504,121,0.11398642137646675
66504,128,0.11363933733704253
66504,34,0.09877823225476524
66504,37,0.12550560086965562
66504,42,0.10124236542199339
66504,239,0.11203187738957743
66504,19,0.10045590361251551
66504,56,0.12627092325392197
66504,54,0.1293881517648697
66504,52,0.1388753356134638
66504,39,0.0939135284137887
66504,320,0.10255485287917829
66504,51,0.10854840096324048
66504,64,0.15547476693366966
66504,54,0.5077419628699621
66504,59,0.400673590876438
66504,34,0.35167693274636425
66504,182,0.2275558208514537
66504,45,0.18387368312549024
66504,24,0.1451852235943079
66504,75,0.17635879825268472
66504,68,0.1412261636578478
66504,69,0.14437947963033954
66504,223,0.14688554792276895
66504,276,0.14204061066171503
66504,106,0.14322091418729033
66504,84,0.14357343972660602
66504,153,0.13917908935314593
66504,87,0.13661219228647256
66504,126,0.13959471077511185
66504,110,0.14327982576055961
66504,74,0.135519115626812
66504,21,0.11992883794009686
66504,87,0.13015326630178983
66504,64,0.13434142381723585
66504,63,0.1363978300308972
66504,34,0.12677453882221518
66504,27,0.13444546423852444
66504,82,0.13428053498268128
66504,51,0.14715116982196652
66504,168,0.13333710605123392
66504,105,0.12893053877633065
66504,54,0.1487123120862704
66504,197,0.12966091015152426
66504,128,0.1401935014873743
66504,49,0.13642959469972654
66504,171,0.13162389722670995
66504,73,0.13123632650544395
66504,229,0.13199571167074498
66504,103,0.1373627256405981
66504,67,0.127812823081123
66504,28,0.12970780208706856
66504,65,0.12822175605429542
66504,59,0.12210123200308193
66504,125,0.1283491364256902
66504,267,0.12871922027243643
66504,63,0.11137841118929478
66504,60,0.13307572747854626
66504,147,0.12342037079746232
66504,34,0.11989648364208362
66504,37,0.11916545202786272
66504,83,0.13427800679768342
66504,28,0.12560994296588682
66504,89,0.11513610066303724
66504,44,0.12584671521416077
66504,61,0.13468868779734924
66504,52,0.12623612606978935
66504,86,0.1210545171742086
66504,79,0.12271095615412508
66504,167,0.12518617187683678
66504,75,0.12170317380086464
66504,56,0.12284501530230045
66504,158,0.12027614291572401
66504,38,0.12679821659218182
66504,132,0.12385466286669607
66504,241,0.11543952413574532
66504,54,0.1179215571313512
66504,120,0.12175517395544465
66504,241,0.1259671598884531
66504,59,0.12596141197243516
66504,126,0.11261260932107933
77265,57,0.1171746718574245
77265,87,0.12933172500308823
77265,205,0.11549761756728201
77265,114,0.11368525657085103
77265,84,0.11344440595863702
77265,147,0.1160635377343436
77265,227,0.11676972952908744
77265,72,0.11592887483085647
77265,124,0.11892233379185199
77265,66,0.10925344381142746
77265,88,0.10783390328288078
77265,90,0.11418927618517326
77265,127,0.11296578145980297
77265,38,0.10361858920165987
77265,249,0.10883965350285925
77265,103,0.11387197786615681
77265,53,0.11236313667069091
77265,134,0.11067919689817589
77265,140,0.11317993424211939
77265,66,0.11434236767568759
77265,43,0.11851667071736995
77265,109,0.10881464883613472
77265,28,0.13723413661122322
77265,171,0.11117042140414317
77265,60,0.11111210927105787
77265,159,0.10667862640952484
77265,61,0.1109086971344619
77265,193,0.10489674998719371
77265,132,0.10578733622547119
77265,70,0.10250658597215079
77265,148,0.20340445301096355
77265,164,0.34824599827430686
77265,68,0.23081951013813584
77265,24,0.21000435304912654
77265,100,0.19153527651102312
77265,105,0.16908443994406197
77265,68,0.16650612180819735
77265,84,0.15499889301374936
77265,123,0.13598865665623855
77265,50,0.15097000085292978
77265,176,0.15031705738144852
77265,98,0.14551736786961555
77265,123,0.14253799521497318
77265,59,0.14982519143007017
77265,90,0.14681391483172773
77265,130,0.1500575433154244
77265,97,0.13907991191265226
77265,180,0.14256165816255337
77265,69,0.1512310792047244
77265,32,0.15351098775863647
77265,85,0.14726993697997812
77265,81,0.13929408530394236
77265,134,0.1377601299557041
77265,203,0.1421768163614299
77265,74,0.14315780149056362
77265,113,0.14078938159740195
77265,122,0.14154685903692021
77265,98,0.12644635417153327
77265,74,0.144823350704142
77265,93,0.14067541753373494
77265,72,0.1355609248463924
77265,158,0.1480232471191924
77265,228,0.13633269034694917
77265,127,0.12647288655285285
77265,113,0.1382658239265885
77265,132,0.13539005394597523
77265,139,0.13575277233693173
77265,76,0.13461002600238178
77265,102,0.14121184519000268
77265,110,0.1370966728075896
77265,97,0.13230981842868708
77265,117,0.13542430680767398
77265,33,0.14881355712811153
77265,24,0.1316135816630863
77265,36,0.13838089978502643
77265,128,0.12477930057151564
77265,276,0.13033286786755086
77265,43,0.13088715152862745
77265,91,0.12374883977535331
77265,51,0.14550880025675955
77265,250,0.12660953171713196
77265,172,0.12747085130272004
77265,164,0.12006616398540078
77265,79,0.11563658650572363
77265,74,0.13775442621360223
77265,61,0.12525734290772794
77265,167,0.1235596855749955
77265,93,0.12758837429185707
77265,67,0.11713558000822862
77265,141,0.1183112048392379
77265,97,0.12211762443589776
77265,45,0.12395668078802134
77265,206,0.12480918971899276
77265,40,0.1204979215748608
77265,108,0.12042453891152273
77265,53,0.12012479077869405
77265,50,0.12002720852750678
77265,192,0.11945298950145529
77265,106,0.1208987602650529
86953,29,0.11082009864704949
86953,81,0.11434578469456876
86953,136,0.11907177258815084
86953,179,0.1151173269492574
86953,146,0.10527295678141801
86953,34,0.11156779509037733
86953,145,0.10985781624913216
86953,36,0.1167421132100351
86953,36,0.11705718742627086
86953,101,0.12057856308917204
86953,157,0.1134830838803884
86953,70,0.12123932020138886
86953,45,0.11594973469889441
86953,28,0.12452856895442192
86953,50,0.11375636421144009
86953,42,0.10658114594293804
86953,197,0.11294023111962073
86953,53,0.10722940704888767
86953,48,0.11916341771220051
86953,143,0.110413295678965
86953,108,0.10622269835323095
86953,95,0.10673939473927022
86953,78,0.10955604443877516
86953,127,0.11577017835396178
86953,77,0.10843707084217492
86953,30,0.10496179559440524
86953,55,0.12304704010486603
86953,31,0.08704793572958026
86953,51,0.10800150890902775
86953,191,0.10667210740079595
86953,76,0.24952302175381827
86953,84,0.4612755303921765
86953,21,0.3444539551672183
86953,102,0.26958873566616787
86953,158,0.1828624905992142
86953,24,0.17821227581728072
86953,151,0.15519546733840422
86953,145,0.14458095853714117
86953,68,0.14593284414900887
86953,85,0.1536169291817044
86953,30,0.14695998653769493
86953,148,0.14517280384320622
86953,154,0.1440263938986593
86953,150,0.13797198262789268
86953,102,0.13962048020524284
86953,60,0.14865701871791057
86953,71,0.13469881901983172
86953,54,0.12480674908970887
86953,96,0.13928135111927986
86953,69,0.14421051579217117
86953,63,0.13570804490906294
86953,204,0.132506372500211
86953,140,0.1411930007452611
86953,144,0.14199483785358138
86953,41,0.12965129751984666
86953,56,0.13282378945710524
86953,31,0.14060452692210673
86953,74,0.12867611935231046
86953,204,0.1348458557190855
86953,31,0.11949141416698694
86953,211,0.1372944044122279
86953,109,0.13228750848603027
86953,55,0.13350947806611657
86953,165,0.12757172665901875
86953,47,0.11559918691943351
86953,150,0.1291173845245183
86953,19,0.13419070094823837
86953,62,0.13194767663291856
86953,51,0.13890729709105057
86953,227,0.12816337839115496
86953,170,0.12939377023162796
86953,55,0.11633078107724384
86953,70,0.1267535246231339
86953,201,0.1233872597032551
86953,135,0.12443418273329734
86953,54,0.12036429992261923
86953,62,0.13094659130704606
86953,56,0.11855136714875698
86953,38,0.12459003329277038
86953,96,0.12171249083158645
86953,77,0.12309548809920272
86953,200,0.13517864128009657
86953,111,0.12923738646131117
86953,161,0.12744433837051086
86953,64,0.12235131143624413
86953,105,0.1157637889437536
86953,123,0.11982249820587831
86953,98,0.12201449707564381
86953,263,0.12138140787542379
86953,26,0.11553388833999634
86953,55,0.12740786008390725
86953,113,0.12663778311439922
86953,76,0.1148031938978484
86953,148,0.11162324137705609
86953,65,0.12332694587253389
86953,206,0.11614236831469997
86953,33,0.1137015610162554
86953,59,0.11131907437335362
86953,151,0.11347935936400588
96902,43,0.11639181431382895
96902,114,0.11585906227526155
96902,42,0.12495254194363951
96902,46,0.11135818228302967
96902,39,0.10386127898016491
96902,148,0.10598326990888877
96902,88,0.1085788850982984
96902,65,0.11195444013794949
96902,67,0.1095327585282033
96902,286,0.11515988924485795
96902,91,0.1060065022972693
96902,299,0.10748681159182029
96902,126,0.1077382090764168
96902,133,0.10462151978833553
96902,198,0.10978613353971034
96902,25,0.0980233108997345
96902,76,0.10317608916803318
96902,150,0.1072564564587534
96902,190,0.10632448482234576
96902,79,0.097185910542806
96902,61,0.09621963248048958
96902,121,0.09981978453557801
96902,165,0.1000583066423941
96902,136,0.1056976462951151
96902,58,0.09469670071624793
96902,247,0.2522429132118954
96902,119,0.27868804142677356
96902,72,0.19445067330978918
96902,87,0.15939545801168756
96902,85,0.1511854977383242
96902,19,0.15181772630004323
96902,83,0.15279887092152708
96902,69,0.13489482501771913
96902,83,0.14105981254042724
96902,130,0.14574558398694046
96902,191,0.14485889173605862
96902,33,0.1423131151607743
96902,21,0.15450395147005716
96902,36,0.15794741417116978
96902,88,0.13242212646618123
96902,64,0.12700040587934397
96902,30,0.13147642709580915
96902,103,0.14256364966814333
96902,89,0.13423072981337705
96902,46,0.13092657116552195
96902,154,0.13618360489074674
96902,47,0.15540324696680394
96902,84,0.12686410991402416
96902,22,0.15350702483403056
96902,79,0.13285295900833957
96902,83,0.13410308145868935
96902,231,0.13094191983705614
96902,43,0.12946293513114387
96902,58,0.12187525089464936
96902,54,0.13486842510218805
96902,82,0.1450452823957352
96902,91,0.1481298287679632
96902,165,0.13198316003484972
96902,217,0.14393301607475648
96902,51,0.1274940107638637
96902,50,0.12828449873214073
96902,182,0.13348988046097318
96902,198,0.12816177329141132
96902,76,0.12647731443319252
96902,124,0.12490095342306987
96902,20,0.13051146466065855
96902,80,0.1372728475502559
96902,135,0.12719734923028556
96902,57,0.12714412077688253
96902,117,0.12575522779741072
96902,178,0.11807912726049559
96902,149,0.12532959648353212
96902,86,0.1365972762055035
96902,42,0.124017973167774
96902,102,0.11804691928156306
96902,120,0.12906256376731176
96902,182,0.11820803413730721
96902,167,0.11721746433692373
96902,100,0.11271099242916767
96902,41,0.11844480816613544
96902,30,0.11030142395584672
96902,73,0.12529178582789266
96902,51,0.10722318910062313
96902,25,0.10911202187771382
96902,104,0.12132373411694299
96902,69,0.10334781427232045
96902,43,0.11043375420073669
96902,120,0.11441690958029516
96902,117,0.12025842389144073
96902,103,0.11280040518336353
96902,264,0.10717332675957526
96902,36,0.1202840855525386
96902,105,0.10743708520506819
96902,117,0.10092377576690453
96902,142,0.10692554595510638
96902,56,0.11395602863357991
96902,73,0.1075998665109067
96902,120,0.10676494093091639
96902,41,0.12251882668998507
107553,33,0.12472361046820879
107553,83,0.10860196065593075
107553,72,0.10954134664772187
107553,190,0.10957861123229727
107553,47,0.12157486915224935
107553,111,0.1052180272527039
107553,162,0.1057663676939134
107553,137,0.10567245641350746
107553,43,0.10333348174647587
107553,161,0.10271127169330915
107553,155,0.10012389907071777
107553,116,0.10642077651407038
107553,153,0.10285859272870071
107553,182,0.10330863908344617
107553,91,0.10730896391905845
107553,47,0.10403710049577057
107553,197,0.1008565736453185
107553,65,0.09695280139004031
107553,69,0.1016234082141609
107553,136,0.10472234002044124
107553,41,0.09704788752964565
107553,87,0.09701004770549038
107553,153,0.1054123210746588
107553,31,0.10028574887352686
107553,31,0.0984732688936804
107553,98,0.09671165149372357
107553,186,0.0955452340136388
107553,120,0.0926153914149955
107553,131,0.3781830967930348
107553,193,0.24789339616552167
107553,75,0.1501566930008786
107553,47,0.14743095106548734
107553,25,0.1446546306428702
107553,124,0.14293398239880528
107553,132,0.13810204287324476
107553,79,0.1421062134539903
107553,85,0.14247668389140106
107553,142,0.14762852183328226
107553,257,0.1361427458777139
107553,98,0.136692377510998
107553,53,0.1324290668869272
107553,29,0.1248063041518132
107553,35,0.13298830604462913
107553,99,0.1281145001253621
107553,66,0.12556882701435332
107553,126,0.13545157152924453
107553,76,0.12460795206142895
107553,94,0.12366794518540415
107553,69,0.12913917464902624
107553,74,0.12688977764371565
107553,213,0.1252757817012619
107553,118,0.1395559588757654
107553,53,0.12158269431365996
107553,24,0.11242108047008514
107553,130,0.13425355555246707
107553,247,0.13000120627652623
107553,104,0.1309553664753732
107553,107,0.11998898678637565
107553,79,0.1225829496462312
107553,214,0.11898346889288501
107553,186,0.1212025447834306
107553,227,0.12004271908884957
107553,60,0.12778016951000482
107553,68,0.12290582985927662
107553,50,0.1147588552641017
107553,66,0.11154615384494436
107553,181,0.11661292087519541
107553,118,0.108512089827231
107553,92,0.10764327311758386
107553,61,0.10435163338075984
107553,152,0.10840286833852747
107553,76,0.11089421291318205
107553,138,0.10839887285634639
107553,58,0.10717145749367774
107553,168,0.10595169925142693
107553,70,0.10885178220887033
107553,26,0.11993453133365382
107553,144,0.10427127059462458
107553,60,0.12527827103182954
107553,150,0.1086047641138601
107553,176,0.10880490507158201
107553,101,0.10532427988946438
107553,117,0.10003784129067379
107553,84,0.10066609674050839
107553,28,0.10037450725212693
107553,226,0.10500130832672412
107553,194,0.10473671564132492
107553,40,0.10563814508564331
107553,134,0.09983217617696967
107553,118,0.09790197058738966
107553,18,0.09726552511839305
107553,140,0.10171263965294343
107553,74,0.09804812973099096
107553,75,0.09534651660086478
107553,50,0.1017459319697486
107553,126,0.10246478358347869
107553,32,0.08252133091014845
107553,251,0.0990426635522863
107553,76,0.09874340099518869
116854,287,0.0966407690529329
116854,165,0.09874378142322039
116854,52,0.10744236028004511
116854,107,0.09495463608236042
116854,41,0.09167766367318109
116854,49,0.09473285123543895
116854,92,0.09766184846744125
116854,53,0.09320600905145209
116854,164,0.09681448272799384
116854,21,0.10033570798604112
116854,47,0.09127660689964182
116854,190,0.09710788932229791
116854,111,0.10026936211130198
116854,205,0.09557242153080109
116854,53,0.09380161207407078
116854,154,0.09318494502376844
116854,156,0.08652307452175065
116854,185,0.09633585097599615
116854,70,0.08956619561291658
116854,42,0.09259463521914604
116854,78,0.08433746811870026
116854,29,0.08879246389759439
116854,61,0.0896212258536754
116854,37,0.4363284501082757
116854,33,0.5989144989128771
116854,78,0.34667586458518224
116854,105,0.2198303952505908
116854,107,0.13576696440577507
116854,35,0.12132233972935115
116854,92,0.1475267182569951
116854,52,0.1239538385095645
116854,43,0.1325321832626331
116854,19,0.14617191581055522
116854,83,0.13272272723798567
116854,146,0.11915786679521317
116854,65,0.12327716068217628
116854,171,0.12762777784875795
116854,51,0.11978723764419556
116854,166,0.123002659100549
116854,302,0.12399974660282688
116854,51,0.11152990590384666
116854,29,0.10532540041539404
116854,75,0.12669215086793553
116854,73,0.12039863540078788
116854,118,0.12124484452334318
116854,48,0.1265257547299067
116854,66,0.1271239008994833
116854,118,0.11784082956893265
116854,84,0.1256358137819916
116854,58,0.11876214576779671
116854,135,0.11299989261051528
116854,333,0.11848057179172901
116854,156,0.11916140875379955
116854,81,0.11115987117712696
116854,125,0.10967144506133121
116854,68,0.10874756034463644
116854,101,0.11598337859242827
116854,58,0.1343558937884294
116854,39,0.11898746865021216
116854,83,0.11377989118555923
116854,308,0.111264174023424
116854,17,0.10113394508759181
116854,192,0.11271681247393513
116854,67,0.10719750240316679
116854,45,0.11782708522435781
116854,114,0.11185189336538315
116854,42,0.10905896560163111
116854,29,0.12534130157695877
116854,102,0.11837031895813253
116854,31,0.11321327738977711
116854,102,0.11725292963686809
116854,107,0.09772154122360588
116854,38,0.11151757980031626
116854,132,0.11656350405079073
116854,139,0.11277996153226048
116854,104,0.10648388298374883
116854,185,0.10774298588789645
116854,65,0.10647759059893674
116854,82,0.10042273893188207
116854,47,0.09093552836301652
116854,72,0.11433470971656567
116854,57,0.0993077458471668
116854,114,0.11257986575365067
116854,148,0.10588863915077938
116854,60,0.1025693190368739
116854,45,0.10087999369858242
116854,48,0.09671631522285633
116854,51,0.09918657616556932
116854,92,0.10385450957280197
116854,62,0.09550948525694283
116854,83,0.10388149076274462
116854,108,0.09689237268563981
116854,39,0.11446683560356949
116854,22,0.10797710378061641
116854,39,0.10199151848043714
116854,172,0.10566861967339455
116854,74,0.09629874206224426
116854,52,0.09646024319032828
116854,98,0.1011324550869853
126977,51,0.09907058982385529
126977,161,0.09156447710221881
126977,183,0.09995822272963406
126977,28,0.1014435976743698
126977,37,0.08703880640678108
126977,72,0.0896081946258034
126977,68,0.10423572101290264
126977,62,0.0973796550955238
126977,158,0.09950259047849425
126977,58,0.0887268346411233
126977,17,0.07971761492080986
126977,65,0.09646906151231062
126977,64,0.08743861668432752
126977,265,0.09173649994238299
126977,80,0.10069009910027187
126977,129,0.08951269645890421
126977,69,0.08857814375791818
126977,28,0.08792269423052117
126977,42,0.08808168845579904
126977,119,0.08433646648981662
126977,90,0.0913301143841243
126977,83,0.08137149216843323
126977,78,0.09121536388475862
126977,252,0.08655998425254988
126977,45,0.08937795723720295
126977,39,0.08198702239564487
126977,221,0.08629321466467463
126977,177,0.0860144867375493
126977,35,0.08163485409071049
126977,157,0.0895665805786848
126977,243,0.316078077592652
126977,59,0.1715946728187912
126977,29,0.17898138268635824
126977,98,0.1212151624621397
126977,101,0.1270856547783664
126977,217,0.12829384251218762
126977,201,0.12267920119298059
126977,42,0.10655991531707146
126977,56,0.11632327816914767
126977,126,0.11163500521006514
126977,112,0.1145148001758769
126977,151,0.11765065609610506
126977,70,0.12413210617225678
126977,64,0.1193317897421749
126977,34,0.10842148905559894
126977,38,0.12216329366406974
126977,37,0.11442828442781203
126977,270,0.11070245445796079
126977,31,0.10917443064627824
126977,50,0.10560963679342827
126977,83,0.11012982843896828
126977,166,0.11057343789552515
126977,106,0.11078469539163532
126977,67,0.10869400689409951
126977,115,0.11303731268447526
126977,61,0.1067170666065067
126977,77,0.09469780188340407
126977,66,0.10825987794158752
126977,122,0.10462509061053263
126977,67,0.09379178417268498
126977,231,0.1064015328973675
126977,112,0.10339288359447833
126977,271,0.1030538664975514
126977,64,0.10484310438446069
126977,80,0.09105845031121539
126977,110,0.09644553933621329
126977,183,0.09828173741698265
126977,62,0.08426312325072699
126977,92,0.09773717079868262
126977,55,0.09758608386504884
126977,139,0.09624153374203744
126977,160,0.09299555967083654
126977,150,0.09373619523998215
126977,63,0.0870046074486385
126977,52,0.09988912428710975
126977,140,0.09476709996740665
126977,117,0.09891096388714181
126977,141,0.09562007248462216
126977,221,0.08861092275280195
126977,73,0.08150462986480805
126977,57,0.09175111309570425
126977,53,0.10817751044837329
126977,23,0.0930551505159764
126977,67,0.0877472355120605
126977,49,0.0938325361456982
126977,35,0.09111242801608409
126977,72,0.08915224261581897
126977,171,0.09523370414488501
126977,28,0.09207891508936882
126977,65,0.08817143104316895
126977,53,0.09508446475956589
126977,51,0.0934871180477191
126977,150,0.09481645121361858
126977,156,0.09159588531034885
126977,123,0.08757091150179787
126977,216,0.08287987816291525
126977,102,0.09272376131266355
126977,22,0.07586569649477799
126977,90,0.09202027879655361
140366,247,0.08155289196708639
140366,318,0.08258262797800714
140366,69,0.0875792822715911
140366,204,0.08414653388803804
140366,247,0.08167246099024474
140366,222,0.08895939573100427
140366,277,0.08286797279288294
140366,252,0.07995900751815901
140366,230,0.07809518261129046
140366,137,0.08024476056743879
140366,129,0.08330187965030512
140366,239,0.07624072787179127
140366,252,0.07736004527149484
140366,149,0.356354160791766
140366,53,0.22201539680361748
140366,75,0.14552225539570346
140366,281,0.11319462944414806
140366,52,0.09771837302027865
140366,70,0.09990744977708786
140366,182,0.1037928967121226
140366,112,0.11580893947082815
140366,73,0.10753059973392416
140366,124,0.10655870010876763
140366,30,0.08825595359559413
140366,69,0.11479187446335952
140366,103,0.09997235535738173
140366,76,0.1085708542768635
140366,70,0.10764325653704312
140366,121,0.11230872069066818
140366,86,0.10261700703547551
140366,128,0.10728973637729346
140366,48,0.10040540455116166
140366,76,0.10396896602342957
140366,42,0.09361146438198212
140366,98,0.10442383024603763
140366,98,0.09727376191055073
140366,71,0.10409136974941129
140366,47,0.10860724900013362
140366,245,0.10253377700418369
140366,52,0.10529481453147341
140366,22,0.12953828664665873
140366,19,0.09180719536893509
140366,137,0.09967118640244008
140366,172,0.09519224595508458
140366,116,0.09383322085169228
140366,38,0.09467077917522854
140366,329,0.0914653666191182
140366,134,0.0943320318763181
140366,17,0.10061890562064946
140366,26,0.10699802039501567
140366,129,0.09344791291557529
140366,106,0.09927970182863956
140366,125,0.10009477586493272
140366,128,0.09091023683291057
140366,42,0.08868894047844104
140366,127,0.09091175339100036
140366,125,0.090692467940182
140366,87,0.09434552318774737
140366,96,0.08809059667569327
140366,64,0.08784458593877613
140366,96,0.08765874964216452
140366,234,0.08909522560140896
140366,94,0.08833708021061859
140366,70,0.09650511976618033
140366,84,0.08938078393538793
140366,41,0.09180634599682447
140366,121,0.08403604100680068
140366,161,0.07611371456862312
140366,116,0.08933425104567924
140366,179,0.08538628622197998
140366,65,0.08784540913115113
140366,267,0.08543873401692664
140366,108,0.08075932338449758
140366,215,0.08499477930366993
140366,122,0.07510227315264557
140366,132,0.08485230881099899
140366,50,0.08161217309138243
140366,101,0.08242133057186592
140366,178,0.08113416092611893
140366,171,0.07415239289765815
140366,291,0.07991673497392443
140366,30,0.09547631513198902
140366,29,0.0752101865197931
140366,304,0.0807343104161618
140366,190,0.0771779648904853
140366,205,0.07976933696584122
140366,168,0.07770538616000087
140366,154,0.07663726224398888
140366,184,0.07270840668951618
140366,40,0.08213266404345632
140366,160,0.0740469024605947
140366,194,0.0732557756732629
140366,86,0.07232085908422382
140366,253,0.07416915268641272
140366,65,0.07526858783616074
140366,167,0.0751725248871492
140366,335,0.18412381555404395
140366,41,0.2411662932289274
140366,245,0.12009684092468685
151873,162,0.10250817372330598
151873,65,0.09870998966589309
151873,57,0.09565971681365261
151873,126,0.09747887169166157
151873,38,0.095440103079785
151873,107,0.09457581676542759
151873,25,0.09581301393716232
151873,24,0.08336110745111237
151873,134,0.09889723501372628
151873,187,0.09447685383647852
151873,81,0.09208446204662322
151873,25,0.0909948888356271
151873,49,0.0969210603998767
151873,28,0.09506988425094348
151873,314,0.09102200577035546
151873,62,0.08665055008950057
151873,50,0.08688260403772195
151873,81,0.08888561628456856
151873,50,0.08312592231371302
151873,214,0.0906798793823299
151873,285,0.09181185623051857
151873,184,0.0947168627377018
151873,98,0.09022550718774172
151873,101,0.09364708050364448
151873,84,0.08363016630680144
151873,190,0.08148463262135491
151873,143,0.08648759238702014
151873,115,0.08336115120098404
151873,171,0.0841963048204311
151873,43,0.09320996002089686
151873,130,0.08259399084008148
151873,64,0.08590185697205731
151873,96,0.08622463984967588
151873,55,0.07897268676270659
151873,73,0.08520401307546041
151873,62,0.08743666683634123
151873,61,0.09022009715304843
151873,307,0.0806512523067345
151873,157,0.08140824820589403
151873,84,0.08037061873776248
151873,116,0.08179417922409303
151873,213,0.08047406588348761
151873,168,0.07835291057848666
151873,180,0.07906518653481306
151873,360,0.07770780579252083
151873,235,0.07703139404342933
151873,81,0.07647329231871194
151873,68,0.06745465244683954
151873,254,0.07793590650350476
151873,89,0.08088863268494606
151873,247,0.07781701943940586
151873,47,0.07804612658748572
151873,42,0.0734603718854487
151873,106,0.07004258496572777
151873,140,0.07657222168111219
151873,93,0.08053951994191076
151873,24,0.07403646925972267
151873,167,0.06851546428385813
151873,52,0.07883561155400597
151873,54,0.06401387982380886
151873,156,0.07317249635033471
151873,66,0.08248967998811314
151873,86,0.07189849078750764
151873,134,0.06921862173476256
151873,105,0.06685433632694185
151873,84,0.06427694084743658
151873,57,0.07278167305944058
151873,237,0.06868914268674893
151873,201,0.07400476468598192
151873,113,0.07334516082180313
151873,73,0.06817028704863876
151873,304,0.06701065462997607
151873,199,0.06995968606933362
151873,102,0.07386388295199922
151873,214,0.06406096883136968
151873,220,0.06757951478641003
151873,157,0.21068267601633994
151873,82,0.3092812277873357
151873,42,0.15941698615040098
151873,79,0.11447294318192713
151873,50,0.11036977463442346
151873,85,0.09849442022386938
151873,51,0.08686708675697447
151873,18,0.10376026586163789
151873,165,0.09629162347565094
151873,69,0.0997262973481646
151873,166,0.09644531713135235
151873,71,0.0968751988627694
151873,52,0.08422246396852036
151873,56,0.0809100385306886
151873,91,0.09269712426453486
151873,136,0.08810198443949732
151873,72,0.09426639316713109
151873,120,0.08602806409837398
151873,59,0.09606208861805499
151873,111,0.09128213012949206
151873,81,0.09349420720684355
151873,70,0.08461142054875381
151873,107,0.08783751489086584
165094,148,0.09023529806119554
165094,70,0.08541678480105475
165094,34,0.07874057439039461
165094,30,0.08542655100082529
165094,56,0.08613228191639863
165094,78,0.08778749518606761
165094,117,0.08919144578175534
165094,96,0.07416757635087118
165094,151,0.07877838360911159
165094,144,0.08486633062219391
165094,81,0.0833235397003591
165094,214,0.07819416078480439
165094,34,0.07650155285673757
165094,202,0.08258881531054935
165094,74,0.08515930050678218
165094,69,0.07922473539656494
165094,33,0.07887747078653305
165094,25,0.07848917692899704
165094,40,0.08934034279414586
165094,55,0.08305880328640342
165094,187,0.08198728836415445
165094,74,0.08180832715510432
165094,33,0.07169642491686729
165094,75,0.08527544187381864
165094,53,0.08109134639828251
165094,307,0.0727387452030748
165094,58,0.07762375914691282
165094,35,0.07709404381532822
165094,89,0.0731914360076189
165094,248,0.0735233409806351
165094,158,0.07882448647576733
165094,45,0.06425367273567688
165094,60,0.07331175695320494
165094,168,0.06943366250989935
165094,175,0.07144258496986264
165094,253,0.06803982432161454
165094,27,0.06808834321796894
165094,215,0.06526316540097171
165094,210,0.06749781289248057
165094,207,0.06654891019666588
165094,120,0.06692852840306016
165094,73,0.06555193863235988
165094,58,0.05895405775782737
165094,188,0.06434564030496404
165094,224,0.06574243572288252
165094,56,0.07275257807224988
165094,248,0.06653960199030333
165094,276,0.05934143062768271
165094,32,0.06090232722747784
165094,181,0.06611223681416561
165094,130,0.06163125813169324
165094,117,0.06549706711882243
165094,125,0.06562478290389068
165094,47,0.06096803144152675
165094,151,0.06497971349661903
165094,61,0.06239653941170842
165094,75,0.06332321821803778
165094,120,0.061570287495851514
165094,70,0.054952635790311524
165094,117,0.05950793463292472
165094,72,0.058468527633196384
165094,210,0.05926754892347975
165094,73,0.0602337351689736
165094,52,0.06019261959940195
165094,138,0.06317050952288344
165094,101,0.060151680797824396
165094,135,0.060661386155824025
165094,67,0.05403355790018025
165094,101,0.05469331481764393
165094,277,0.1453788137906009
165094,374,0.135768501876273
165094,141,0.08440755708280075
165094,42,0.07970020065549761
165094,159,0.08901703297734669
165094,63,0.08275959861499292
165094,242,0.07916068489246104
165094,133,0.07626276677016353
165094,140,0.0813283343152463
165094,101,0.08005896914791275
165094,242,0.07844151339183252
165094,248,0.06966757301591972
165094,165,0.07375303147698209
165094,294,0.07274962917504393
165094,152,0.07890606280008372
165094,314,0.074086287402176
165094,51,0.07187495312343041
165094,179,0.06972312041353888
165094,117,0.07560997352636648
165094,108,0.0691200782906036
165094,238,0.06999147438856701
165094,41,0.06981949508190155
165094,328,0.06329892380939176
165094,131,0.0663209610360385
165094,270,0.06387312624119515
165094,229,0.06477149427995424
165094,260,0.07060501387067994
165094,24,0.06354776947271257
165094,194,0.0671672264758784
165094,76,0.055921039128726396
180723,94,0.05657450364525901
180723,52,0.0697241129011524
180723,24,0.06518391203135251
180723,351,0.061121541986547574
180723,270,0.062165285555983156
180723,189,0.06032748481930168
180723,27,0.060710861485589435
180723,296,0.05921952356840228
180723,101,0.06309093831741548
180723,96,0.0643627616059449
180723,326,0.05788357786391631
180723,236,0.060572862882183956
180723,183,0.06016356627168577
180723,184,0.05711652086722816
180723,137,0.05576047948952622
180723,296,0.056742712177093264
180723,182,0.0600828293111475
180723,117,0.05540851506997239
180723,76,0.055095235467888415
180723,241,0.055777389967780824
180723,263,0.056088487274058525
180723,283,0.05233414147802618
180723,304,0.058019228059695
180723,128,0.05635380179879545
180723,94,0.05475228813036785
180723,107,0.05132484814152122
180723,201,0.07535805891465801
180723,69,0.47720316518098116
180723,48,0.1699946423371633
180723,114,0.0911940346419249
180723,158,0.08145704569125717
180723,134,0.0753614732755288
180723,58,0.08219621830654365
180723,70,0.08281661653326768
180723,72,0.07611181491149077
180723,120,0.07434034930589069
180723,324,0.07128018863619336
180723,351,0.06995586937566672
180723,79,0.06647570303508214
180723,228,0.07109517691263911
180723,153,0.06979083473237956
180723,213,0.06442504604393155
180723,40,0.05861976857368763
180723,132,0.06422029558156968
180723,47,0.06112867316485129
180723,40,0.06666842450362605
180723,42,0.06266544524114578
180723,243,0.061687383653484605
180723,284,0.05965124653068496
180723,39,0.059879441346441
180723,250,0.06299325649869507
180723,349,0.062106711794277306
180723,285,0.06149039717675031
180723,96,0.06510453143467505
180723,98,0.06240586998736423
180723,65,0.06040969037169975
180723,36,0.05865259257638279
180723,115,0.05762734546981476
180723,215,0.0640889974121893
180723,302,0.059344148457497886
180723,62,0.06367856664238153
180723,159,0.05836782676961598
180723,43,0.0635147313809111
180723,167,0.05944851932760615
180723,53,0.06158267140078048
180723,31,0.06534062301119169
180723,225,0.055778423345886
180723,46,0.05864032821320906
180723,385,0.05516758750529349
180723,47,0.04871869106269018
180723,194,0.057383789310427334
180723,185,0.05208563136998131
180723,316,0.053464492287698596
180723,64,0.05429695938683806
180723,296,0.05130960065666791
180723,211,0.050179782068699746
180723,206,0.05157031324517152
180723,211,0.04843753790667299
180723,112,0.05032306897699974
180723,70,0.04881284780044486
180723,48,0.04518011653174957
180723,287,0.04624743540106075
180723,161,0.0461902343637408
180723,30,0.04998739901930094
180723,311,0.04889482148254002
180723,50,0.05043419268137465
180723,234,0.051120014253393874
180723,71,0.05066250774049849
180723,219,0.04849697657429227
180723,156,0.04733062569672863
180723,152,0.043577097012693515
180723,73,0.04253335002420554
180723,311,0.14261879337173872
180723,136,0.11626154465973378
180723,48,0.08241524324630914
180723,119,0.06698570850051262
180723,71,0.07162299106383453
180723,130,0.07184299259049604
180723,158,0.06484775817734283
193572,158,0.06523891509821017
193572,45,0.059257642820824026
193572,116,0.06265923040790843
193572,66,0.062463885033503176
193572,92,0.06900182051912826
193572,127,0.06268241100202677
193572,44,0.061709373962224985
193572,129,0.06688915124992613
193572,168,0.06877842591486022
193572,106,0.06202864446536158
193572,132,0.06108281288986966
193572,108,0.059729842887241015
193572,47,0.07123063158776079
193572,345,0.057822147192631124
193572,144,0.06278891717119299
193572,39,0.051337264424988205
193572,62,0.06302753228951118
193572,51,0.04610907034172366
193572,231,0.05789234330355425
193572,215,0.05487518682759436
193572,205,0.05511700228716319
193572,48,0.05777490286286487
193572,48,0.057035527691790246
193572,47,0.05756283781180779
193572,149,0.05175031896050967
193572,174,0.056067592582239964
193572,62,0.05487918053453757
193572,36,0.047649502807429855
193572,305,0.05428925852572693
193572,174,0.05318051486624622
193572,42,0.060484941064247066
193572,84,0.0532850912821136
193572,100,0.06061627713779172
193572,271,0.05319124833129498
193572,192,0.05109974176301963
193572,314,0.055210144930089564
193572,54,0.045914514427434425
193572,57,0.04921588581055403
193572,143,0.04761636583804548
193572,353,0.04995379918354595
193572,265,0.04692419394550304
193572,119,0.051119879533520395
193572,68,0.05152517119704774
193572,212,0.04636341248474577
193572,157,0.04455378068572221
193572,270,0.041342962908351585
193572,33,0.04172738964459108
193572,116,0.04352737223746738
193572,39,0.04971112844280221
193572,72,0.03932192910339355
193572,106,0.050654846401885154
193572,69,0.0465805742268761
193572,114,0.04072261449248302
193572,278,0.045268939087519375
193572,310,0.04190954392133821
193572,354,0.043845864586725784
193572,40,0.03392168073914945
193572,105,0.03310797002147107
193572,131,0.044534480082802474
193572,188,0.041495011964191995
193572,166,0.04168294076134199
193572,93,0.03893825882631871
193572,251,0.04200968998504299
193572,313,0.04243154765217234
193572,81,0.2080017435069703
193572,56,0.3839983471802303
193572,108,0.09202136397361756
193572,68,0.07163792990370473
193572,35,0.06403928135028657
193572,44,0.06699279068810184
193572,200,0.06452259616823969
193572,59,0.05526381556206105
193572,44,0.06495618211423479
193572,31,0.07625436819424587
193572,87,0.06791588083086979
193572,178,0.06198251953293734
193572,23,0.0554655118083412
193572,52,0.056272622906059645
193572,345,0.06232443362342679
193572,284,0.05864737506900052
193572,42,0.06200977388578348
193572,120,0.05271233740495518
193572,226,0.05454279249534011
193572,121,0.05761970137245953
193572,43,0.055188225594182044
193572,129,0.05380927882255698
193572,74,0.058512587782812035
193572,91,0.06045347755124052
193572,225,0.05193992219147138
193572,44,0.06595004928877225
193572,59,0.056681478446857496
193572,37,0.045516252065343515
193572,38,0.04827225987932512
193572,68,0.05474146344323656
193572,245,0.045878761131477694
193572,41,0.0567502609730975
193572,62,0.046638966738728097
193572,41,0.05237656184591544
193572,233,0.046282286374157086
208774,124,0.05475240008774818
208774,382,0.05128418950766515
208774,106,0.04629585333629557
208774,320,0.04888451211775342
208774,106,0.04326904352090442
208774,62,0.046138326016565166
208774,316,0.04877874747633117
208774,300,0.045924875469658004
208774,171,0.045298458222901045
208774,265,0.04279547683114746
208774,50,0.046004794419128844
208774,121,0.043503981712903525
208774,106,0.04509722504276529
208774,209,0.03839621607564049
208774,359,0.04151536956326001
208774,182,0.04013601114309789
208774,309,0.040602398159983885
208774,211,0.043369821932672255
208774,181,0.04017314579866735
208774,134,0.03790639766408661
208774,165,0.041326493165121436
208774,151,0.04294526011971626
208774,239,0.03849241763537106
208774,153,0.0408030659891665
208774,175,0.035842880519882124
208774,81,0.03391505316157188
208774,261,0.03540605827511773
208774,349,0.03865362917263251
208774,42,0.03369735292373942
208774,181,0.03983633773033182
208774,59,0.03327613554217599
208774,141,0.04011487605053681
208774,351,0.10014810836684027
208774,143,0.14289798269415424
208774,42,0.062351457229474695
208774,318,0.05525181876452591
208774,46,0.06491602329202951
208774,31,0.06018173145795507
208774,283,0.052739374764672844
208774,365,0.053940504768625656
208774,155,0.04949267789558976
208774,48,0.0473951096749968
208774,36,0.052916113936314076
208774,123,0.04700445735057735
208774,135,0.04858978054767778
208774,184,0.0542450919957821
208774,38,0.046193530995930945
208774,42,0.04468455536959645
208774,58,0.045244524927021794
208774,260,0.04606178523953701
208774,24,0.04337958812053936
208774,79,0.04430297297787749
208774,37,0.04538137364600386
208774,101,0.043824346401215936
208774,109,0.04665312655361406
208774,36,0.0356764482108481
208774,129,0.04354719218714693
208774,39,0.04548485547696289
208774,55,0.04769452303074873
208774,145,0.04401402534092314
208774,157,0.044162374196781054
208774,72,0.03784997374896193
208774,130,0.042302407801714764
208774,82,0.04353918048161033
208774,119,0.046130896098994914
208774,84,0.04208519856457586
208774,44,0.04976862291560361
208774,32,0.04308479668332204
208774,337,0.0411523159992482
208774,254,0.0405430863104823
208774,69,0.03796218238800528
208774,47,0.045279818481173024
208774,38,0.03846915131686507
208774,44,0.040581454744651205
208774,144,0.0372562269957466
208774,273,0.04162967963114019
208774,106,0.035803786200452964
208774,155,0.039666407075008916
208774,149,0.0416032515375861
208774,244,0.03552143894561121
208774,82,0.03715297170109241
208774,276,0.03539901927958221
208774,120,0.03675881100727046
208774,125,0.04097951045578234
208774,120,0.03204716997729106
208774,178,0.0329104022246521
208774,213,0.03444736099944179
208774,272,0.03434948085737323
208774,203,0.034115203321715325
208774,96,0.03138156274745111
208774,127,0.03332738222946462
208774,53,0.038469329131767156
208774,112,0.03197487432939502
208774,122,0.033334026938642965
208774,332,0.03210714301170751
208774,147,0.0291223445855495
208774,117,0.02996853015865061
208774,249,0.03646935712292856
208774,155,0.03327273718992637
223436,248,0.031114671284740325
223436,219,0.02889638415373287
223436,258,0.02821634509451089
223436,157,0.03616443580713358
223436,69,0.4928210949311491
223436,139,0.07693399694256896
223436,89,0.04415456903550555
223436,68,0.0580031470050134
223436,42,0.04307184391655028
223436,276,0.047753093031133176
223436,52,0.03730377409822093
223436,50,0.04590735201620393
223436,100,0.04166769060355268
223436,42,0.05148854815504617
223436,38,0.05590303410851472
223436,38,0.04497955456325734
223436,39,0.04302534187917371
223436,37,0.050677302991971374
223436,40,0.05086583345650862
223436,68,0.04415292948699341
223436,127,0.04365726683083606
223436,59,0.047144292168215744
223436,217,0.03987658633667003
223436,42,0.03402486511040479
223436,37,0.03373170572079041
223436,362,0.0421845541654325
223436,49,0.03952729048045433
223436,74,0.041549731301747155
223436,36,0.04188089915260207
223436,229,0.04330337383973254
223436,162,0.03728829705845806
223436,59,0.04619210143996911
223436,261,0.03597448214719938
223436,158,0.0408328487314539
223436,51,0.03483018512897035
223436,70,0.036956542020882756
223436,54,0.03461175671312958
223436,339,0.03629004998966031
223436,55,0.03383518381115909
223436,87,0.03947355990616105
223436,247,0.03724449927736398
223436,241,0.033333584665208055
223436,340,0.032880172074650126
223436,126,0.03262591933330091
223436,211,0.03662725801102745
223436,221,0.03313980611337729
223436,211,0.034506585096224354
223436,116,0.031603969422307004
223436,139,0.03217847902807548
223436,183,0.03171190516860766
223436,272,0.029960112680407568
223436,214,0.03135314297419516
223436,199,0.030931334927717737
223436,238,0.032051522131623315
223436,85,0.02952425546870317
223436,252,0.03245567009808161
223436,173,0.030015920874575386
223436,242,0.03268094670648376
223436,192,0.02940960744594674
223436,300,0.028343704407381123
223436,344,0.029091965147795586
223436,126,0.024055245008048974
223436,131,0.026164212219963043
223436,83,0.031884203857431806
223436,159,0.026063450123027167
223436,278,0.026660638836570112
223436,199,0.030739544957523814
223436,223,0.027269403691891403
223436,197,0.028968892981364427
223436,71,0.024968108432778323
223436,289,0.07383234571985886
223436,44,0.3801800345265588
223436,269,0.06163525346720376
223436,44,0.04803824733244255
223436,62,0.047345043575790315
223436,242,0.043931496531665656
223436,42,0.052497408463080465
223436,56,0.03442830011635175
223436,42,0.04191037113420092
223436,109,0.04861944134457793
223436,79,0.04299877345635507
223436,39,0.03682634201706261
223436,55,0.0509198562869308
223436,42,0.037832017182498366
223436,47,0.036473205587309265
223436,277,0.03612184308101388
223436,268,0.04143163684643661
223436,43,0.029860087995123314
223436,86,0.035611489396874925
223436,54,0.04133778848336078
223436,45,0.03800062162124298
223436,345,0.036259699534347434
223436,41,0.03354558183054905
223436,47,0.03454746281647164
223436,35,0.043879881108296104
223436,345,0.03479542765305128
223436,334,0.03841964705005145
223436,91,0.03359984736281066
223436,231,0.03942350760608705
240025,86,0.02776866695449616
240025,131,0.034776787921146024
240025,97,0.040147534391332056
240025,351,0.03446578737404422
240025,231,0.030736054462613537
240025,119,0.036188970564800346
240025,210,0.03139612202902731
240025,318,0.03046331340199885
240025,257,0.03039651386881983
240025,216,0.031497431410427545
240025,345,0.03213986424670119
240025,202,0.030377650460044
240025,220,0.032022218969787526
240025,126,0.027700647562077
240025,144,0.031170096048941453
240025,196,0.028168029026002496
240025,153,0.025751319101093233
240025,230,0.028471182445525652
240025,321,0.025960048163880013
240025,117,0.029883300902491267
240025,368,0.026918469628199142
240025,147,0.023163463836965145
240025,357,0.028484584666692334
240025,350,0.025433857626789673
240025,115,0.02467454006546177
240025,369,0.02290444989070536
240025,275,0.022478976386922717
240025,130,0.023191836701555963
240025,187,0.02669291053482399
240025,183,0.2022273448753383
240025,49,0.054176922024150066
240025,158,0.042461937563997264
240025,43,0.041302160348561476
240025,37,0.047073651956660405
240025,35,0.031691720127128065
240025,35,0.03716174355940893
240025,49,0.033332641174395876
240025,37,0.03818012356188976
240025,38,0.036544371704461384
240025,57,0.038179743577659665
240025,118,0.04037436260630123
240025,74,0.040047305219097815
240025,35,0.04087026555584196
240025,144,0.041084037114697415
240025,36,0.03669287349718312
240025,40,0.034555199556052685
240025,68,0.032404322698434344
240025,35,0.03395254077123744
240025,38,0.03951769375015755
240025,35,0.039275577702723885
240025,227,0.03529169154573091
240025,39,0.0368223520661039
240025,42,0.04082709368269302
240025,90,0.033876929178156635
240025,240,0.0385643776405645
240025,32,0.029242238345285578
240025,54,0.039665816728957
240025,351,0.029589739223336377
240025,253,0.03682714641580948
240025,64,0.02947206257224144
240025,247,0.03169526713981606
240025,369,0.029825339916152934
240025,44,0.029665061383552495
240025,45,0.028528251431205055
240025,53,0.031104810388149835
240025,84,0.0324891691445373
240025,48,0.030586005716274182
240025,193,0.030487510832234718
240025,52,0.02859502917388454
240025,69,0.02720507454325664
240025,49,0.03670810112315748
240025,130,0.02600619139447503
240025,107,0.02570551203098148
240025,50,0.023269994201713263
240025,164,0.026474424883020143
240025,137,0.026672872507136115
240025,368,0.025595078137474445
240025,249,0.024750744362590612
240025,265,0.023613053785740076
240025,139,0.02438860725636331
240025,41,0.021582204284832665
240025,258,0.027336910829263657
240025,229,0.02399771388491607
240025,133,0.023029572428497447
240025,377,0.024483299658606773
240025,242,0.02237001143190095
240025,238,0.02612859459803226
240025,243,0.02482610874827787
240025,272,0.018271358148738422
240025,153,0.023828226074277023
240025,381,0.02342244682195424
240025,258,0.021666158891584398
240025,355,0.019309209750125383
240025,286,0.023526104197188626
240025,92,0.020793306016384613
240025,260,0.01838773886466823
240025,184,0.0197713091120343
240025,267,0.0216892896287684
240025,229,0.10559807637887006
250449,37,0.08052275916013647
250449,38,0.056074997720619045
250449,32,0.03829580843448639
250449,38,0.03146486561228004
250449,95,0.0407306412341951
250449,38,0.04166867701090215
250449,35,0.027090396476729263
250449,37,0.03272901202500281
250449,40,0.04368330636306813
250449,30,0.04613105010551711
250449,35,0.030460585032900174
250449,49,0.02672049858022568
250449,46,0.03771691878737752
250449,35,0.02116662654589163
250449,37,0.04237410386421663
250449,40,0.03476466296093637
250449,40,0.03905547233175879
250449,37,0.036144763218692026
250449,36,0.030329367447206202
250449,35,0.025809128848569732
250449,36,0.04174172058264958
250449,39,0.030156837322582036
250449,75,0.03488984641382917
250449,229,0.02976974806780604
250449,49,0.04108092911600908
250449,168,0.032483606858054404
250449,87,0.022293588146567345
250449,44,0.023654255492147058
250449,157,0.02453968023560596
250449,43,0.024661681590936124
250449,165,0.02568773116964178
250449,44,0.01975518597811017
250449,44,0.03215292169050755
250449,75,0.026258718301131224
250449,43,0.03417171349223608
250449,47,0.03201517457586475
250449,43,0.036299495035659914
250449,45,0.019638193119317294
250449,52,0.02834012350021843
250449,57,0.02931001016870141
250449,43,0.023182097414974123
250449,77,0.026815158642628897
250449,50,0.025775970229779944
250449,45,0.024045863142237067
250449,46,0.030430485444542552
250449,46,0.02544652799490926
250449,45,0.028754992065452307
250449,45,0.03274422483996321
250449,46,0.020742588245775552
250449,81,0.03264702186730785
250449,226,0.021066168743266684
250449,373,0.02358317352416677
250449,372,0.024048862879590693
250449,45,0.021692311130685822
250449,53,0.021430131906241764
250449,94,0.02222690477176139
250449,46,0.02159843933934878
250449,250,0.023465119081642886
250449,49,0.021559730380218713
250449,48,0.030131250549026805
250449,45,0.017302864164646183
250449,47,0.02241307731407384
250449,45,0.023731682832086726
250449,46,0.021614738925233145
250449,60,0.018570762235737805
250449,48,0.02426110324855937
250449,45,0.02505758176890335
250449,65,0.01636981276458065
250449,45,0.018532604168624033
250449,45,0.019392555457836188
250449,358,0.02012452568554561
250449,214,0.01997498912421405
250449,242,0.01759235956439099
250449,252,0.018530209697553295
250449,372,0.020295472710248105
250449,367,0.019200528213949353
250449,353,0.017413837509515463
250449,236,0.013532021882892544
250449,359,0.01414262802505279
250449,353,0.015038434407446186
250449,350,0.014099918405296894
250449,351,0.014996990218482418
250449,134,0.014812338922172786
250449,196,0.01256317694999236
250449,343,0.014645479563849928
250449,204,0.013036971933962334
250449,326,0.015038394132320132
250449,48,0.6281754917059189
250449,37,0.16278126429427753
250449,38,0.05626006907021457
250449,37,0.034953256629200444
250449,38,0.024445763720637736
250449,37,0.029280462987824447
250449,37,0.03314991727529559
250449,37,0.02956447995928747
250449,35,0.02161252732912544
250449,35,0.03395576546476646
250449,35,0.03193406278974023
250449,36,0.03939771026318126
264756,46,0.030493832150982184
264756,51,0.02783652315748499
264756,335,0.02379637035053401
264756,198,0.021812383848232284
264756,187,0.022461196314272753
264756,186,0.020074455521337815
264756,206,0.023286269020358536
264756,185,0.02016381473601823
264756,221,0.019368708292135925
264756,223,0.01961569909630253
264756,350,0.018915275380525648
264756,224,0.015397251029409753
264756,349,0.017196250406271155
264756,339,0.015556780650065495
264756,348,0.014814168313680867
264756,331,0.017126487627358727
264756,210,0.013943860751352082
264756,212,0.011792906524251844
264756,210,0.013385274865958766
264756,240,0.011747491322929474
264756,49,0.019965106507615103
264756,47,0.011287202461971901
264756,47,0.014836870280661336
264756,47,0.013325281072150362
264756,47,0.013943481490524962
264756,47,0.015071726453283595
264756,47,0.014614834972760744
264756,48,0.011074094645531348
264756,47,0.015732251700117356
264756,47,0.011020651372911578
264756,352,0.012094322349573966
264756,208,0.015489016222706384
264756,243,0.012615737351709334
264756,211,0.015722397656935217
264756,358,0.012251152427908142
264756,229,0.013682024294568423
264756,339,0.012005896385807287
264756,337,0.012160944385871675
264756,316,0.011423146901889643
264756,327,0.012597582199871355
264756,325,0.012786618464786114
264756,89,0.011203223289978668
264756,319,0.013232654098900828
264756,108,0.010125695489283687
264756,316,0.011100597228553674
264756,326,0.03140614492681305
264756,48,0.4224776351905387
264756,37,0.0808011897972652
264756,310,0.024977515442898737
264756,35,0.02124580029132111
264756,35,0.021039175564724514
264756,35,0.02064206564770729
264756,65,0.027317245456496955
264756,38,0.018280205486745044
264756,305,0.019806528784899195
264756,46,0.019657917001263
264756,90,0.023423341115978494
264756,317,0.020562963297999035
264756,90,0.01621495948264097
264756,46,0.020076744893396444
264756,148,0.018783207645091553
264756,315,0.01940028000555341
264756,43,0.01680192343760715
264756,97,0.018262117294975184
264756,43,0.019890358007126827
264756,45,0.018017414419557013
264756,45,0.019042478574972068
264756,43,0.021234283909305103
264756,90,0.02023094616190766
264756,43,0.02204995055217296
264756,89,0.014479757043716993
264756,43,0.020723259813773137
264756,39,0.01678065918127282
264756,90,0.014573532521137082
264756,43,0.013888960244224929
264756,43,0.012692798956910648
264756,43,0.01654620585613884
264756,107,0.015252831274398951
264756,103,0.021075451376721805
264756,43,0.014157205214723944
264756,43,0.018783721304498614
264756,82,0.015927322976920125
264756,99,0.014932202250010481
264756,45,0.01736626538913697
264756,43,0.012642084791256888
264756,45,0.014700791804075596
264756,230,0.017601458584824793
264756,104,0.014894356415847066
264756,45,0.012990987019812954
264756,45,0.017497875778822274
264756,45,0.017873970342666974
264756,44,0.014048641487860527
264756,204,0.016388418985234635
264756,45,0.017701109865853607
264756,102,0.014646201715259714
264756,45,0.013516721745523123
264756,44,0.016901054896596
264756,45,0.016539360889298624
264756,338,0.015250877565846074
285758,99,0.01562646777173014
285758,45,0.011454829703854008
285758,352,0.01793749095224662
285758,47,0.019121460267342627
285758,49,0.015430015394156997
285758,100,0.015319874532533025
285758,170,0.01614629726883812
285758,40,0.014298407731052393
285758,96,0.013689088094462122
285758,47,0.014970005107378321
285758,47,0.017278352654021646
285758,47,0.013652152467883476
285758,47,0.020083130118003938
285758,48,0.01181157403777394
285758,47,0.014296743151870496
285758,47,0.014868554397963168
285758,56,0.01723847671214921
285758,320,0.01532476072866671
285758,330,0.015288005382972676
285758,348,0.01326662185967976
285758,232,0.018037749342336165
285758,152,0.015173326464719139
285758,322,0.018231389066280024
285758,136,0.016741265871396828
285758,237,0.014873053037229477
285758,203,0.012683706293091986
285758,321,0.013622545900614774
285758,226,0.015507493549111214
285758,140,0.01573137638473323
285758,134,0.014021720981088885
285758,333,0.014077073517532115
285758,213,0.013313352089160338
285758,220,0.1433301424407004
285758,36,0.13268179482510012
285758,86,0.03379407011066811
285758,308,0.027237544918561056
285758,116,0.0213998182120526
285758,125,0.0274949154460474
285758,105,0.024175972779321066
285758,322,0.022230596629633885
285758,225,0.022999943236824878
285758,202,0.020617534714460217
285758,217,0.020749730225324857
285758,221,0.017775278448960253
285758,223,0.02262242171026624
285758,235,0.01835181379115664
285758,337,0.019070953613014092
285758,321,0.019583378847178787
285758,210,0.02215545862698211
285758,326,0.017626718215028484
285758,327,0.015867840224006547
285758,327,0.017180744256340683
285758,320,0.015402055330405728
285758,312,0.014667848024864571
285758,314,0.019020289714055352
285758,310,0.013610644540976833
285758,315,0.01682574758182382
285758,315,0.01771208049966114
285758,115,0.01779864572601074
285758,316,0.014563478802386858
285758,156,0.013436813562004426
285758,317,0.013461876415540693
285758,316,0.012544640970153037
285758,314,0.01332798483027331
285758,327,0.014161832329617548
285758,317,0.011717886573343814
285758,318,0.013501311369097704
285758,317,0.011554322050131044
285758,318,0.011824743797837805
285758,338,0.012119951572724708
285758,314,0.01243675910575017
285758,91,0.30121817342958157
285758,71,0.03337792273394871
285758,88,0.026289133313444575
285758,119,0.02711519158202345
285758,299,0.024611270661183505
285758,316,0.022686507894118847
285758,309,0.020125783303446228
285758,299,0.02242892333224677
285758,309,0.01900332201409116
285758,303,0.016534352486503427
285758,170,0.01631447562391347
285758,152,0.01728575881650864
285758,159,0.019384559084965777
285758,156,0.016226636812978146
285758,309,0.017656759355256024
285758,314,0.01652218677724401
285758,156,0.01842673334294589
285758,151,0.015004094985906954
285758,322,0.015415317807301373
285758,98,0.017795945900051218
285758,152,0.014566478969976055
285758,146,0.014717068045275231
285758,330,0.014111941122503946
285758,146,0.014320975014047659
285758,147,0.013420816838650195
285758,149,0.01688497452842592
285758,319,0.013801624554954161
285758,188,0.013867678643939806
