Instance,N,K,Transitions (min),States (min),Time(min),Transitions (max),States (max),Time(max),Transitions (mean),States (mean),Time(mean),Failed
AT,2,2,36,28,5.0,51,51,178.0,45.39,31.58,10.91,0
AT,2,3,41,41,5.0,84,84,379.0,67.78,43.95,14.03,0
AT,2,4,64,60,6.0,120,120,81.0,96.83,59.8,13.55,0
AT,2,5,70,67,6.0,166,166,64.0,131.89,77.13,14.59,0
AT,2,6,105,102,10.0,222,222,77.0,175.5,96.75,19.0,0
AT,2,7,134,119,14.0,282,282,88.0,215.96,117.49,26.37,0
AT,2,8,112,112,15.0,350,350,103.0,267.57,140.21,29.81,0
AT,2,9,203,169,22.0,437,437,102.0,325.57,166.53,35.45,0
AT,2,10,203,164,22.0,524,524,112.0,386.65,191.71,42.41,0
AT,2,11,227,227,23.0,613,613,127.0,476.04,226.26,52.32,0
AT,2,12,215,215,21.0,720,720,131.0,516.31,251.45,57.48,0
AT,2,13,359,276,39.0,817,817,149.0,613.28,287.45,71.43,0
AT,2,14,346,333,41.0,943,943,155.0,692.49,321.76,80.03,0
AT,2,15,355,355,45.0,1057,1057,226.0,775.57,358.12,96.14,0
AT,3,2,72,72,7.0,235,235,79.0,201.95,140.88,21.44,0
AT,3,3,339,276,36.0,489,489,107.0,426.61,269.39,49.34,0
AT,3,4,559,438,58.0,838,838,231.0,710.61,429.74,85.71,0
AT,3,5,797,683,91.0,1458,1458,273.0,1122.49,642.95,142.11,0
AT,3,6,1172,954,140.0,2003,2003,415.0,1633.39,906.91,221.39,0
AT,3,7,1598,1118,196.0,3020,3020,516.0,2287.25,1232.3,318.8,0
AT,3,8,1987,1703,283.0,4114,4114,728.0,3151.77,1633.7,463.51,0
AT,3,9,2438,2200,404.0,5001,5001,988.0,4185.36,2112.79,709.05,12
AT,3,10,3735,2564,545.0,5001,5001,1121.0,4894.73,2538.75,868.89,81
AT,3,11,4518,2802,820.0,5001,5001,1389.0,4991.77,2786.13,1032.75,96
AT,3,12,5001,3014,897.0,5001,5001,1540.0,5001.0,2994.86,1145.1,100
AT,3,13,9999999,9999999,9999999,-1,-1,-1,0.0,0.0,0.0,100
AT,3,14,9999999,9999999,9999999,-1,-1,-1,0.0,0.0,0.0,100
AT,3,15,9999999,9999999,9999999,-1,-1,-1,0.0,0.0,0.0,100
AT,4,2,9999999,9999999,9999999,-1,-1,-1,0.0,0.0,0.0,100
AT,4,3,9999999,9999999,9999999,-1,-1,-1,0.0,0.0,0.0,100
AT,4,4,9999999,9999999,9999999,-1,-1,-1,0.0,0.0,0.0,100
AT,4,5,9999999,9999999,9999999,-1,-1,-1,0.0,0.0,0.0,100
AT,4,6,9999999,9999999,9999999,-1,-1,-1,0.0,0.0,0.0,100
AT,4,7,9999999,9999999,9999999,-1,-1,-1,0.0,0.0,0.0,100
AT,4,8,9999999,9999999,9999999,-1,-1,-1,0.0,0.0,0.0,100
AT,4,9,9999999,9999999,9999999,-1,-1,-1,0.0,0.0,0.0,100
AT,4,10,9999999,9999999,9999999,-1,-1,-1,0.0,0.0,0.0,100
AT,4,11,9999999,9999999,9999999,-1,-1,-1,0.0,0.0,0.0,100
AT,4,12,9999999,9999999,9999999,-1,-1,-1,0.0,0.0,0.0,100
AT,4,13,9999999,9999999,9999999,-1,-1,-1,0.0,0.0,0.0,100
AT,4,14,9999999,9999999,9999999,-1,-1,-1,0.0,0.0,0.0,100
AT,4,15,9999999,9999999,9999999,-1,-1,-1,0.0,0.0,0.0,100
AT,5,2,9999999,9999999,9999999,-1,-1,-1,0.0,0.0,0.0,100
AT,5,3,9999999,9999999,9999999,-1,-1,-1,0.0,0.0,0.0,100
AT,5,4,9999999,9999999,9999999,-1,-1,-1,0.0,0.0,0.0,100
AT,5,5,9999999,9999999,9999999,-1,-1,-1,0.0,0.0,0.0,100
AT,5,6,9999999,9999999,9999999,-1,-1,-1,0.0,0.0,0.0,100
AT,5,7,9999999,9999999,9999999,-1,-1,-1,0.0,0.0,0.0,100
AT,5,8,9999999,9999999,9999999,-1,-1,-1,0.0,0.0,0.0,100
AT,5,9,9999999,9999999,9999999,-1,-1,-1,0.0,0.0,0.0,100
AT,5,10,9999999,9999999,9999999,-1,-1,-1,0.0,0.0,0.0,100
AT,5,11,9999999,9999999,9999999,-1,-1,-1,0.0,0.0,0.0,100
AT,5,12,9999999,9999999,9999999,-1,-1,-1,0.0,0.0,0.0,100
AT,5,13,9999999,9999999,9999999,-1,-1,-1,0.0,0.0,0.0,100
AT,5,14,9999999,9999999,9999999,-1,-1,-1,0.0,0.0,0.0,100
AT,5,15,9999999,9999999,9999999,-1,-1,-1,0.0,0.0,0.0,100
AT,6,2,9999999,9999999,9999999,-1,-1,-1,0.0,0.0,0.0,100
AT,6,3,9999999,9999999,9999999,-1,-1,-1,0.0,0.0,0.0,100
AT,6,4,9999999,9999999,9999999,-1,-1,-1,0.0,0.0,0.0,100
AT,6,5,9999999,9999999,9999999,-1,-1,-1,0.0,0.0,0.0,100
AT,6,6,9999999,9999999,9999999,-1,-1,-1,0.0,0.0,0.0,100
AT,6,7,9999999,9999999,9999999,-1,-1,-1,0.0,0.0,0.0,100
AT,6,8,9999999,9999999,9999999,-1,-1,-1,0.0,0.0,0.0,100
AT,6,9,9999999,9999999,9999999,-1,-1,-1,0.0,0.0,0.0,100
AT,6,10,9999999,9999999,9999999,-1,-1,-1,0.0,0.0,0.0,100
AT,6,11,9999999,9999999,9999999,-1,-1,-1,0.0,0.0,0.0,100
AT,6,12,9999999,9999999,9999999,-1,-1,-1,0.0,0.0,0.0,100
AT,6,13,9999999,9999999,9999999,-1,-1,-1,0.0,0.0,0.0,100
AT,6,14,9999999,9999999,9999999,-1,-1,-1,0.0,0.0,0.0,100
AT,6,15,9999999,9999999,9999999,-1,-1,-1,0.0,0.0,0.0,100
AT,7,2,9999999,9999999,9999999,-1,-1,-1,0.0,0.0,0.0,100
AT,7,3,9999999,9999999,9999999,-1,-1,-1,0.0,0.0,0.0,100
AT,7,4,9999999,9999999,9999999,-1,-1,-1,0.0,0.0,0.0,100
AT,7,5,9999999,9999999,9999999,-1,-1,-1,0.0,0.0,0.0,100
AT,7,6,9999999,9999999,9999999,-1,-1,-1,0.0,0.0,0.0,100
AT,7,7,9999999,9999999,9999999,-1,-1,-1,0.0,0.0,0.0,100
AT,7,8,9999999,9999999,9999999,-1,-1,-1,0.0,0.0,0.0,100
AT,7,9,9999999,9999999,9999999,-1,-1,-1,0.0,0.0,0.0,100
AT,7,10,9999999,9999999,9999999,-1,-1,-1,0.0,0.0,0.0,100
AT,7,11,9999999,9999999,9999999,-1,-1,-1,0.0,0.0,0.0,100
AT,7,12,9999999,9999999,9999999,-1,-1,-1,0.0,0.0,0.0,100
AT,7,13,9999999,9999999,9999999,-1,-1,-1,0.0,0.0,0.0,100
AT,7,14,9999999,9999999,9999999,-1,-1,-1,0.0,0.0,0.0,100
AT,7,15,9999999,9999999,9999999,-1,-1,-1,0.0,0.0,0.0,100
AT,8,2,9999999,9999999,9999999,-1,-1,-1,0.0,0.0,0.0,100
AT,8,3,9999999,9999999,9999999,-1,-1,-1,0.0,0.0,0.0,100
AT,8,4,9999999,9999999,9999999,-1,-1,-1,0.0,0.0,0.0,100
AT,8,5,9999999,9999999,9999999,-1,-1,-1,0.0,0.0,0.0,100
AT,8,6,9999999,9999999,9999999,-1,-1,-1,0.0,0.0,0.0,100
AT,8,7,9999999,9999999,9999999,-1,-1,-1,0.0,0.0,0.0,100
AT,8,8,9999999,9999999,9999999,-1,-1,-1,0.0,0.0,0.0,100
AT,8,9,9999999,9999999,9999999,-1,-1,-1,0.0,0.0,0.0,100
AT,8,10,9999999,9999999,9999999,-1,-1,-1,0.0,0.0,0.0,100
AT,8,11,9999999,9999999,9999999,-1,-1,-1,0.0,0.0,0.0,100
AT,8,12,9999999,9999999,9999999,-1,-1,-1,0.0,0.0,0.0,100
AT,8,13,9999999,9999999,9999999,-1,-1,-1,0.0,0.0,0.0,100
AT,8,14,9999999,9999999,9999999,-1,-1,-1,0.0,0.0,0.0,100
AT,8,15,9999999,9999999,9999999,-1,-1,-1,0.0,0.0,0.0,100
AT,9,2,9999999,9999999,9999999,-1,-1,-1,0.0,0.0,0.0,100
AT,9,3,9999999,9999999,9999999,-1,-1,-1,0.0,0.0,0.0,100
AT,9,4,9999999,9999999,9999999,-1,-1,-1,0.0,0.0,0.0,100
AT,9,5,9999999,9999999,9999999,-1,-1,-1,0.0,0.0,0.0,100
AT,9,6,9999999,9999999,9999999,-1,-1,-1,0.0,0.0,0.0,100
AT,9,7,9999999,9999999,9999999,-1,-1,-1,0.0,0.0,0.0,100
AT,9,8,9999999,9999999,9999999,-1,-1,-1,0.0,0.0,0.0,100
AT,9,9,9999999,9999999,9999999,-1,-1,-1,0.0,0.0,0.0,100
AT,9,10,9999999,9999999,9999999,-1,-1,-1,0.0,0.0,0.0,100
AT,9,11,9999999,9999999,9999999,-1,-1,-1,0.0,0.0,0.0,100
AT,9,12,9999999,9999999,9999999,-1,-1,-1,0.0,0.0,0.0,100
AT,9,13,9999999,9999999,9999999,-1,-1,-1,0.0,0.0,0.0,100
AT,9,14,9999999,9999999,9999999,-1,-1,-1,0.0,0.0,0.0,100
AT,9,15,9999999,9999999,9999999,-1,-1,-1,0.0,0.0,0.0,100
AT,10,2,9999999,9999999,9999999,-1,-1,-1,0.0,0.0,0.0,100
AT,10,3,9999999,9999999,9999999,-1,-1,-1,0.0,0.0,0.0,100
AT,10,4,9999999,9999999,9999999,-1,-1,-1,0.0,0.0,0.0,100
AT,10,5,9999999,9999999,9999999,-1,-1,-1,0.0,0.0,0.0,100
AT,10,6,9999999,9999999,9999999,-1,-1,-1,0.0,0.0,0.0,100
AT,10,7,9999999,9999999,9999999,-1,-1,-1,0.0,0.0,0.0,100
AT,10,8,9999999,9999999,9999999,-1,-1,-1,0.0,0.0,0.0,100
AT,10,9,9999999,9999999,9999999,-1,-1,-1,0.0,0.0,0.0,100
AT,10,10,9999999,9999999,9999999,-1,-1,-1,0.0,0.0,0.0,100
AT,10,11,9999999,9999999,9999999,-1,-1,-1,0.0,0.0,0.0,100
AT,10,12,9999999,9999999,9999999,-1,-1,-1,0.0,0.0,0.0,100
AT,10,13,9999999,9999999,9999999,-1,-1,-1,0.0,0.0,0.0,100
AT,10,14,9999999,9999999,9999999,-1,-1,-1,0.0,0.0,0.0,100
AT,10,15,9999999,9999999,9999999,-1,-1,-1,0.0,0.0,0.0,100
AT,11,2,9999999,9999999,9999999,-1,-1,-1,0.0,0.0,0.0,100
AT,11,3,9999999,9999999,9999999,-1,-1,-1,0.0,0.0,0.0,100
AT,11,4,9999999,9999999,9999999,-1,-1,-1,0.0,0.0,0.0,100
AT,11,5,9999999,9999999,9999999,-1,-1,-1,0.0,0.0,0.0,100
AT,11,6,9999999,9999999,9999999,-1,-1,-1,0.0,0.0,0.0,100
AT,11,7,9999999,9999999,9999999,-1,-1,-1,0.0,0.0,0.0,100
AT,11,8,9999999,9999999,9999999,-1,-1,-1,0.0,0.0,0.0,100
AT,11,9,9999999,9999999,9999999,-1,-1,-1,0.0,0.0,0.0,100
AT,11,10,9999999,9999999,9999999,-1,-1,-1,0.0,0.0,0.0,100
AT,11,11,9999999,9999999,9999999,-1,-1,-1,0.0,0.0,0.0,100
AT,11,12,9999999,9999999,9999999,-1,-1,-1,0.0,0.0,0.0,100
AT,11,13,9999999,9999999,9999999,-1,-1,-1,0.0,0.0,0.0,100
AT,11,14,9999999,9999999,9999999,-1,-1,-1,0.0,0.0,0.0,100
AT,11,15,9999999,9999999,9999999,-1,-1,-1,0.0,0.0,0.0,100
AT,12,2,9999999,9999999,9999999,-1,-1,-1,0.0,0.0,0.0,100
AT,12,3,9999999,9999999,9999999,-1,-1,-1,0.0,0.0,0.0,100
AT,12,4,9999999,9999999,9999999,-1,-1,-1,0.0,0.0,0.0,100
AT,12,5,9999999,9999999,9999999,-1,-1,-1,0.0,0.0,0.0,100
AT,12,6,9999999,9999999,9999999,-1,-1,-1,0.0,0.0,0.0,100
AT,12,7,9999999,9999999,9999999,-1,-1,-1,0.0,0.0,0.0,100
AT,12,8,9999999,9999999,9999999,-1,-1,-1,0.0,0.0,0.0,100
AT,12,9,9999999,9999999,9999999,-1,-1,-1,0.0,0.0,0.0,100
AT,12,10,9999999,9999999,9999999,-1,-1,-1,0.0,0.0,0.0,100
AT,12,11,9999999,9999999,9999999,-1,-1,-1,0.0,0.0,0.0,100
AT,12,12,9999999,9999999,9999999,-1,-1,-1,0.0,0.0,0.0,100
AT,12,13,9999999,9999999,9999999,-1,-1,-1,0.0,0.0,0.0,100
AT,12,14,9999999,9999999,9999999,-1,-1,-1,0.0,0.0,0.0,100
AT,12,15,9999999,9999999,9999999,-1,-1,-1,0.0,0.0,0.0,100
AT,13,2,9999999,9999999,9999999,-1,-1,-1,0.0,0.0,0.0,100
AT,13,3,9999999,9999999,9999999,-1,-1,-1,0.0,0.0,0.0,100
AT,13,4,9999999,9999999,9999999,-1,-1,-1,0.0,0.0,0.0,100
AT,13,5,9999999,9999999,9999999,-1,-1,-1,0.0,0.0,0.0,100
AT,13,6,9999999,9999999,9999999,-1,-1,-1,0.0,0.0,0.0,100
AT,13,7,9999999,9999999,9999999,-1,-1,-1,0.0,0.0,0.0,100
AT,13,8,9999999,9999999,9999999,-1,-1,-1,0.0,0.0,0.0,100
AT,13,9,9999999,9999999,9999999,-1,-1,-1,0.0,0.0,0.0,100
AT,13,10,9999999,9999999,9999999,-1,-1,-1,0.0,0.0,0.0,100
AT,13,11,9999999,9999999,9999999,-1,-1,-1,0.0,0.0,0.0,100
AT,13,12,9999999,9999999,9999999,-1,-1,-1,0.0,0.0,0.0,100
AT,13,13,9999999,9999999,9999999,-1,-1,-1,0.0,0.0,0.0,100
AT,13,14,9999999,9999999,9999999,-1,-1,-1,0.0,0.0,0.0,100
AT,13,15,9999999,9999999,9999999,-1,-1,-1,0.0,0.0,0.0,100
AT,14,2,9999999,9999999,9999999,-1,-1,-1,0.0,0.0,0.0,100
AT,14,3,9999999,9999999,9999999,-1,-1,-1,0.0,0.0,0.0,100
AT,14,4,9999999,9999999,9999999,-1,-1,-1,0.0,0.0,0.0,100
AT,14,5,9999999,9999999,9999999,-1,-1,-1,0.0,0.0,0.0,100
AT,14,6,9999999,9999999,9999999,-1,-1,-1,0.0,0.0,0.0,100
AT,14,7,9999999,9999999,9999999,-1,-1,-1,0.0,0.0,0.0,100
AT,14,8,9999999,9999999,9999999,-1,-1,-1,0.0,0.0,0.0,100
AT,14,9,9999999,9999999,9999999,-1,-1,-1,0.0,0.0,0.0,100
AT,14,10,9999999,9999999,9999999,-1,-1,-1,0.0,0.0,0.0,100
AT,14,11,9999999,9999999,9999999,-1,-1,-1,0.0,0.0,0.0,100
AT,14,12,9999999,9999999,9999999,-1,-1,-1,0.0,0.0,0.0,100
AT,14,13,9999999,9999999,9999999,-1,-1,-1,0.0,0.0,0.0,100
AT,14,14,9999999,9999999,9999999,-1,-1,-1,0.0,0.0,0.0,100
AT,14,15,9999999,9999999,9999999,-1,-1,-1,0.0,0.0,0.0,100
AT,15,2,9999999,9999999,9999999,-1,-1,-1,0.0,0.0,0.0,100
AT,15,3,9999999,9999999,9999999,-1,-1,-1,0.0,0.0,0.0,100
AT,15,4,9999999,9999999,9999999,-1,-1,-1,0.0,0.0,0.0,100
AT,15,5,9999999,9999999,9999999,-1,-1,-1,0.0,0.0,0.0,100
AT,15,6,9999999,9999999,9999999,-1,-1,-1,0.0,0.0,0.0,100
AT,15,7,9999999,9999999,9999999,-1,-1,-1,0.0,0.0,0.0,100
AT,15,8,9999999,9999999,9999999,-1,-1,-1,0.0,0.0,0.0,100
AT,15,9,9999999,9999999,9999999,-1,-1,-1,0.0,0.0,0.0,100
AT,15,10,9999999,9999999,9999999,-1,-1,-1,0.0,0.0,0.0,100
AT,15,11,9999999,9999999,9999999,-1,-1,-1,0.0,0.0,0.0,100
AT,15,12,9999999,9999999,9999999,-1,-1,-1,0.0,0.0,0.0,100
AT,15,13,9999999,9999999,9999999,-1,-1,-1,0.0,0.0,0.0,100
AT,15,14,9999999,9999999,9999999,-1,-1,-1,0.0,0.0,0.0,100
AT,15,15,9999999,9999999,9999999,-1,-1,-1,0.0,0.0,0.0,100
BW,2,2,14,14,2.0,75,75,96.0,41.88,30.87,5.47,0
BW,2,3,15,15,2.0,144,144,16.0,47.3,33.73,4.96,0
BW,2,4,9,9,1.0,122,122,12.0,44.5,32.15,4.5,0
BW,2,5,12,12,1.0,127,127,14.0,45.28,32.9,4.93,0
BW,2,6,14,14,1.0,96,96,9.0,41.57,30.8,4.33,0
BW,2,7,12,12,2.0,104,104,12.0,46.81,33.57,5.21,0
BW,2,8,12,12,1.0,119,119,14.0,50.12,35.6,5.34,0
BW,2,9,13,13,2.0,125,125,13.0,44.72,32.48,5.15,0
BW,2,10,15,15,2.0,127,127,13.0,50.65,35.62,5.49,0
BW,2,11,13,13,2.0,123,123,14.0,46.34,33.39,5.26,0
BW,2,12,13,13,2.0,110,110,52.0,50.34,35.61,5.95,0
BW,2,13,12,12,1.0,87,87,10.0,44.6,32.67,4.87,0
BW,2,14,10,10,1.0,120,120,12.0,47.3,33.76,5.24,0
BW,2,15,11,11,2.0,99,99,118.0,45.09,32.78,5.96,0
BW,3,2,34,34,4.0,275,275,28.0,138.61,100.29,14.01,0
BW,3,3,22,22,2.0,354,354,87.0,174.59,121.79,18.7,0
BW,3,4,33,33,4.0,493,493,105.0,174.33,121.56,20.1,0
BW,3,5,37,37,4.0,521,521,87.0,182.37,126.3,19.22,0
BW,3,6,34,34,4.0,403,403,74.0,200.58,137.15,22.73,0
BW,3,7,29,29,3.0,443,443,46.0,175.83,122.36,18.35,0
BW,3,8,57,57,6.0,573,573,87.0,196.74,133.97,21.72,0
BW,3,9,60,60,6.0,682,682,122.0,209.45,140.98,27.1,0
BW,3,10,38,38,5.0,528,528,120.0,162.08,113.95,18.11,0
BW,3,11,31,31,4.0,512,512,126.0,184.18,126.55,21.27,0
BW,3,12,22,22,2.0,440,440,52.0,157.7,111.94,17.53,0
BW,3,13,27,27,4.0,461,461,121.0,169.23,118.54,19.98,0
BW,3,14,33,33,4.0,565,565,68.0,187.22,128.5,20.59,0
BW,3,15,36,36,4.0,690,690,102.0,182.87,126.64,20.66,0
BW,4,2,76,76,8.0,1057,1057,195.0,430.88,316.03,52.98,0
BW,4,3,40,40,5.0,1753,1753,233.0,569.92,402.7,70.74,0
BW,4,4,69,69,8.0,1913,1913,261.0,710.69,491.06,90.68,0
BW,4,5,69,69,8.0,3255,3255,525.0,716.24,491.02,93.94,0
BW,4,6,49,49,6.0,2397,2397,397.0,737.35,505.64,94.4,0
BW,4,7,148,148,16.0,1761,1761,290.0,771.83,526.55,96.43,0
BW,4,8,120,120,13.0,1877,1877,294.0,763.67,520.13,97.14,0
BW,4,9,175,175,18.0,1905,1905,263.0,708.75,489.8,89.26,0
BW,4,10,80,80,9.0,2520,2520,423.0,754.64,513.74,100.45,0
BW,4,11,73,73,10.0,2911,2911,446.0,747.44,511.42,98.29,0
BW,4,12,174,174,18.0,2060,2060,273.0,732.01,503.36,95.77,0
BW,4,13,120,120,13.0,2672,2672,434.0,738.32,503.68,96.22,0
BW,4,14,98,98,12.0,2304,2304,530.0,733.02,502.24,106.72,0
BW,4,15,103,103,13.0,1751,1751,394.0,710.43,489.99,95.37,0
BW,5,2,346,346,41.0,2675,2675,545.0,1131.05,858.71,182.37,0
BW,5,3,349,349,39.0,5001,5001,1143.0,2035.81,1456.04,350.72,2
BW,5,4,322,322,38.0,5001,5001,1222.0,2451.2,1729.15,452.14,3
BW,5,5,156,156,24.0,5001,5001,1151.0,2643.68,1843.53,492.34,10
BW,5,6,442,442,53.0,5001,5001,1180.0,2663.42,1869.71,492.1,10
BW,5,7,551,551,71.0,5001,5001,1299.0,2536.03,1783.94,476.15,9
BW,5,8,137,137,16.0,5001,5001,1337.0,2535.31,1781.02,482.11,4
BW,5,9,447,447,52.0,5001,5001,1173.0,2657.47,1859.83,490.67,10
BW,5,10,432,432,51.0,5001,5001,1247.0,2411.9,1701.77,467.04,8
BW,5,11,326,326,38.0,5001,5001,1201.0,2711.45,1898.78,504.82,9
BW,5,12,871,871,114.0,5001,5001,1192.0,2740.55,1916.35,511.96,13
BW,5,13,448,448,54.0,5001,5001,1191.0,2804.8,1955.79,524.86,10
BW,5,14,319,319,37.0,5001,5001,1222.0,2693.27,1885.76,507.64,12
BW,5,15,406,406,47.0,5001,5001,1151.0,2771.83,1938.94,512.2,11
BW,6,2,768,768,103.0,5001,5001,1330.0,3243.1,2507.56,697.33,13
BW,6,3,1128,1128,247.0,5001,5001,1407.0,4471.56,3400.39,1093.27,67
BW,6,4,1021,1021,140.0,5001,5001,1389.0,4622.96,3501.51,1149.29,75
BW,6,5,1525,1525,221.0,5001,5001,1423.0,4809.46,3639.19,1219.88,88
BW,6,6,2160,2160,352.0,5001,5001,1399.0,4816.99,3632.91,1206.4,87
BW,6,7,891,891,125.0,5001,5001,1382.0,4536.69,3431.13,1114.74,70
BW,6,8,1824,1824,352.0,5001,5001,1416.0,4850.95,3660.84,1208.02,88
BW,6,9,1194,1194,269.0,5001,5001,1377.0,4697.91,3555.92,1189.45,81
BW,6,10,1353,1353,276.0,5001,5001,1429.0,4743.44,3585.29,1202.37,87
BW,6,11,1959,1959,385.0,5001,5001,1434.0,4717.4,3562.61,1180.2,85
BW,6,12,1939,1939,328.0,5001,5001,1446.0,4642.71,3510.25,1163.11,75
BW,6,13,2554,2554,515.0,5001,5001,1454.0,4818.23,3639.72,1234.58,88
BW,6,14,750,750,99.0,5001,5001,1403.0,4539.67,3436.72,1150.24,77
BW,6,15,2451,2451,459.0,5001,5001,1543.0,4854.85,3663.46,1230.7,85
BW,7,2,1201,1201,284.0,5001,5001,1611.0,4712.51,3878.21,1371.15,85
BW,7,3,5001,4098,1343.0,5001,5001,1664.0,5001.0,4076.78,1489.02,100
BW,7,4,9999999,9999999,9999999,-1,-1,-1,0.0,0.0,0.0,100
BW,7,5,9999999,9999999,9999999,-1,-1,-1,0.0,0.0,0.0,100
BW,7,6,9999999,9999999,9999999,-1,-1,-1,0.0,0.0,0.0,100
BW,7,7,9999999,9999999,9999999,-1,-1,-1,0.0,0.0,0.0,100
BW,7,8,9999999,9999999,9999999,-1,-1,-1,0.0,0.0,0.0,100
BW,7,9,9999999,9999999,9999999,-1,-1,-1,0.0,0.0,0.0,100
BW,7,10,9999999,9999999,9999999,-1,-1,-1,0.0,0.0,0.0,100
BW,7,11,9999999,9999999,9999999,-1,-1,-1,0.0,0.0,0.0,100
BW,7,12,9999999,9999999,9999999,-1,-1,-1,0.0,0.0,0.0,100
BW,7,13,9999999,9999999,9999999,-1,-1,-1,0.0,0.0,0.0,100
BW,7,14,9999999,9999999,9999999,-1,-1,-1,0.0,0.0,0.0,100
BW,7,15,9999999,9999999,9999999,-1,-1,-1,0.0,0.0,0.0,100
BW,8,2,9999999,9999999,9999999,-1,-1,-1,0.0,0.0,0.0,100
BW,8,3,9999999,9999999,9999999,-1,-1,-1,0.0,0.0,0.0,100
BW,8,4,9999999,9999999,9999999,-1,-1,-1,0.0,0.0,0.0,100
BW,8,5,9999999,9999999,9999999,-1,-1,-1,0.0,0.0,0.0,100
BW,8,6,9999999,9999999,9999999,-1,-1,-1,0.0,0.0,0.0,100
BW,8,7,9999999,9999999,9999999,-1,-1,-1,0.0,0.0,0.0,100
BW,8,8,9999999,9999999,9999999,-1,-1,-1,0.0,0.0,0.0,100
BW,8,9,9999999,9999999,9999999,-1,-1,-1,0.0,0.0,0.0,100
BW,8,10,9999999,9999999,9999999,-1,-1,-1,0.0,0.0,0.0,100
BW,8,11,9999999,9999999,9999999,-1,-1,-1,0.0,0.0,0.0,100
BW,8,12,9999999,9999999,9999999,-1,-1,-1,0.0,0.0,0.0,100
BW,8,13,9999999,9999999,9999999,-1,-1,-1,0.0,0.0,0.0,100
BW,8,14,9999999,9999999,9999999,-1,-1,-1,0.0,0.0,0.0,100
BW,8,15,9999999,9999999,9999999,-1,-1,-1,0.0,0.0,0.0,100
BW,9,2,9999999,9999999,9999999,-1,-1,-1,0.0,0.0,0.0,100
BW,9,3,9999999,9999999,9999999,-1,-1,-1,0.0,0.0,0.0,100
BW,9,4,9999999,9999999,9999999,-1,-1,-1,0.0,0.0,0.0,100
BW,9,5,9999999,9999999,9999999,-1,-1,-1,0.0,0.0,0.0,100
BW,9,6,9999999,9999999,9999999,-1,-1,-1,0.0,0.0,0.0,100
BW,9,7,9999999,9999999,9999999,-1,-1,-1,0.0,0.0,0.0,100
BW,9,8,9999999,9999999,9999999,-1,-1,-1,0.0,0.0,0.0,100
BW,9,9,9999999,9999999,9999999,-1,-1,-1,0.0,0.0,0.0,100
BW,9,10,9999999,9999999,9999999,-1,-1,-1,0.0,0.0,0.0,100
BW,9,11,9999999,9999999,9999999,-1,-1,-1,0.0,0.0,0.0,100
BW,9,12,9999999,9999999,9999999,-1,-1,-1,0.0,0.0,0.0,100
BW,9,13,9999999,9999999,9999999,-1,-1,-1,0.0,0.0,0.0,100
BW,9,14,9999999,9999999,9999999,-1,-1,-1,0.0,0.0,0.0,100
BW,9,15,9999999,9999999,9999999,-1,-1,-1,0.0,0.0,0.0,100
BW,10,2,9999999,9999999,9999999,-1,-1,-1,0.0,0.0,0.0,100
BW,10,3,9999999,9999999,9999999,-1,-1,-1,0.0,0.0,0.0,100
BW,10,4,9999999,9999999,9999999,-1,-1,-1,0.0,0.0,0.0,100
BW,10,5,9999999,9999999,9999999,-1,-1,-1,0.0,0.0,0.0,100
BW,10,6,9999999,9999999,9999999,-1,-1,-1,0.0,0.0,0.0,100
BW,10,7,9999999,9999999,9999999,-1,-1,-1,0.0,0.0,0.0,100
BW,10,8,9999999,9999999,9999999,-1,-1,-1,0.0,0.0,0.0,100
BW,10,9,9999999,9999999,9999999,-1,-1,-1,0.0,0.0,0.0,100
BW,10,10,9999999,9999999,9999999,-1,-1,-1,0.0,0.0,0.0,100
BW,10,11,9999999,9999999,9999999,-1,-1,-1,0.0,0.0,0.0,100
BW,10,12,9999999,9999999,9999999,-1,-1,-1,0.0,0.0,0.0,100
BW,10,13,9999999,9999999,9999999,-1,-1,-1,0.0,0.0,0.0,100
BW,10,14,9999999,9999999,9999999,-1,-1,-1,0.0,0.0,0.0,100
BW,10,15,9999999,9999999,9999999,-1,-1,-1,0.0,0.0,0.0,100
BW,11,2,9999999,9999999,9999999,-1,-1,-1,0.0,0.0,0.0,100
BW,11,3,9999999,9999999,9999999,-1,-1,-1,0.0,0.0,0.0,100
BW,11,4,9999999,9999999,9999999,-1,-1,-1,0.0,0.0,0.0,100
BW,11,5,9999999,9999999,9999999,-1,-1,-1,0.0,0.0,0.0,100
BW,11,6,9999999,9999999,9999999,-1,-1,-1,0.0,0.0,0.0,100
BW,11,7,9999999,9999999,9999999,-1,-1,-1,0.0,0.0,0.0,100
BW,11,8,9999999,9999999,9999999,-1,-1,-1,0.0,0.0,0.0,100
BW,11,9,9999999,9999999,9999999,-1,-1,-1,0.0,0.0,0.0,100
BW,11,10,9999999,9999999,9999999,-1,-1,-1,0.0,0.0,0.0,100
BW,11,11,9999999,9999999,9999999,-1,-1,-1,0.0,0.0,0.0,100
BW,11,12,9999999,9999999,9999999,-1,-1,-1,0.0,0.0,0.0,100
BW,11,13,9999999,9999999,9999999,-1,-1,-1,0.0,0.0,0.0,100
BW,11,14,9999999,9999999,9999999,-1,-1,-1,0.0,0.0,0.0,100
BW,11,15,9999999,9999999,9999999,-1,-1,-1,0.0,0.0,0.0,100
BW,12,2,9999999,9999999,9999999,-1,-1,-1,0.0,0.0,0.0,100
BW,12,3,9999999,9999999,9999999,-1,-1,-1,0.0,0.0,0.0,100
BW,12,4,9999999,9999999,9999999,-1,-1,-1,0.0,0.0,0.0,100
BW,12,5,9999999,9999999,9999999,-1,-1,-1,0.0,0.0,0.0,100
BW,12,6,9999999,9999999,9999999,-1,-1,-1,0.0,0.0,0.0,100
BW,12,7,9999999,9999999,9999999,-1,-1,-1,0.0,0.0,0.0,100
BW,12,8,9999999,9999999,9999999,-1,-1,-1,0.0,0.0,0.0,100
BW,12,9,9999999,9999999,9999999,-1,-1,-1,0.0,0.0,0.0,100
BW,12,10,9999999,9999999,9999999,-1,-1,-1,0.0,0.0,0.0,100
BW,12,11,9999999,9999999,9999999,-1,-1,-1,0.0,0.0,0.0,100
BW,12,12,9999999,9999999,9999999,-1,-1,-1,0.0,0.0,0.0,100
BW,12,13,9999999,9999999,9999999,-1,-1,-1,0.0,0.0,0.0,100
BW,12,14,9999999,9999999,9999999,-1,-1,-1,0.0,0.0,0.0,100
BW,12,15,9999999,9999999,9999999,-1,-1,-1,0.0,0.0,0.0,100
BW,13,2,9999999,9999999,9999999,-1,-1,-1,0.0,0.0,0.0,100
BW,13,3,9999999,9999999,9999999,-1,-1,-1,0.0,0.0,0.0,100
BW,13,4,9999999,9999999,9999999,-1,-1,-1,0.0,0.0,0.0,100
BW,13,5,9999999,9999999,9999999,-1,-1,-1,0.0,0.0,0.0,100
BW,13,6,9999999,9999999,9999999,-1,-1,-1,0.0,0.0,0.0,100
BW,13,7,9999999,9999999,9999999,-1,-1,-1,0.0,0.0,0.0,100
BW,13,8,9999999,9999999,9999999,-1,-1,-1,0.0,0.0,0.0,100
BW,13,9,9999999,9999999,9999999,-1,-1,-1,0.0,0.0,0.0,100
BW,13,10,9999999,9999999,9999999,-1,-1,-1,0.0,0.0,0.0,100
BW,13,11,9999999,9999999,9999999,-1,-1,-1,0.0,0.0,0.0,100
BW,13,12,9999999,9999999,9999999,-1,-1,-1,0.0,0.0,0.0,100
BW,13,13,9999999,9999999,9999999,-1,-1,-1,0.0,0.0,0.0,100
BW,13,14,9999999,9999999,9999999,-1,-1,-1,0.0,0.0,0.0,100
BW,13,15,9999999,9999999,9999999,-1,-1,-1,0.0,0.0,0.0,100
BW,14,2,9999999,9999999,9999999,-1,-1,-1,0.0,0.0,0.0,100
BW,14,3,9999999,9999999,9999999,-1,-1,-1,0.0,0.0,0.0,100
BW,14,4,9999999,9999999,9999999,-1,-1,-1,0.0,0.0,0.0,100
BW,14,5,9999999,9999999,9999999,-1,-1,-1,0.0,0.0,0.0,100
BW,14,6,9999999,9999999,9999999,-1,-1,-1,0.0,0.0,0.0,100
BW,14,7,9999999,9999999,9999999,-1,-1,-1,0.0,0.0,0.0,100
BW,14,8,9999999,9999999,9999999,-1,-1,-1,0.0,0.0,0.0,100
BW,14,9,9999999,9999999,9999999,-1,-1,-1,0.0,0.0,0.0,100
BW,14,10,9999999,9999999,9999999,-1,-1,-1,0.0,0.0,0.0,100
BW,14,11,9999999,9999999,9999999,-1,-1,-1,0.0,0.0,0.0,100
BW,14,12,9999999,9999999,9999999,-1,-1,-1,0.0,0.0,0.0,100
BW,14,13,9999999,9999999,9999999,-1,-1,-1,0.0,0.0,0.0,100
BW,14,14,9999999,9999999,9999999,-1,-1,-1,0.0,0.0,0.0,100
BW,14,15,9999999,9999999,9999999,-1,-1,-1,0.0,0.0,0.0,100
BW,15,2,9999999,9999999,9999999,-1,-1,-1,0.0,0.0,0.0,100
BW,15,3,9999999,9999999,9999999,-1,-1,-1,0.0,0.0,0.0,100
BW,15,4,9999999,9999999,9999999,-1,-1,-1,0.0,0.0,0.0,100
BW,15,5,9999999,9999999,9999999,-1,-1,-1,0.0,0.0,0.0,100
BW,15,6,9999999,9999999,9999999,-1,-1,-1,0.0,0.0,0.0,100
BW,15,7,9999999,9999999,9999999,-1,-1,-1,0.0,0.0,0.0,100
BW,15,8,9999999,9999999,9999999,-1,-1,-1,0.0,0.0,0.0,100
BW,15,9,9999999,9999999,9999999,-1,-1,-1,0.0,0.0,0.0,100
BW,15,10,9999999,9999999,9999999,-1,-1,-1,0.0,0.0,0.0,100
BW,15,11,9999999,9999999,9999999,-1,-1,-1,0.0,0.0,0.0,100
BW,15,12,9999999,9999999,9999999,-1,-1,-1,0.0,0.0,0.0,100
BW,15,13,9999999,9999999,9999999,-1,-1,-1,0.0,0.0,0.0,100
BW,15,14,9999999,9999999,9999999,-1,-1,-1,0.0,0.0,0.0,100
BW,15,15,9999999,9999999,9999999,-1,-1,-1,0.0,0.0,0.0,100
CM,2,2,10,10,1.0,199,199,67.0,54.82,46.74,7.31,0
CM,2,3,7,7,1.0,321,321,37.0,57.83,49.88,7.09,0
CM,2,4,9,9,1.0,295,295,112.0,50.7,43.95,8.43,0
CM,2,5,9,9,1.0,254,254,102.0,54.66,46.77,8.07,0
CM,2,6,11,11,1.0,317,317,123.0,53.97,46.63,9.17,0
CM,2,7,7,7,1.0,292,292,63.0,51.4,44.34,8.45,0
CM,2,8,7,7,1.0,187,187,156.0,49.74,42.93,9.25,0
CM,2,9,7,7,1.0,261,261,143.0,60.99,52.56,12.35,0
CM,2,10,8,8,2.0,215,215,59.0,52.89,45.65,10.45,0
CM,2,11,9,9,2.0,265,265,54.0,56.1,48.21,10.03,0
CM,2,12,10,10,2.0,248,248,86.0,63.73,54.45,12.89,0
CM,2,13,7,7,2.0,244,244,1297.0,58.69,50.75,24.25,0
CM,2,14,8,8,2.0,217,217,90.0,48.69,42.28,10.48,0
CM,2,15,7,7,1.0,183,183,82.0,47.41,41.5,11.02,0
CM,3,2,25,25,4.0,1579,1579,251.0,337.86,261.33,45.27,0
CM,3,3,30,30,4.0,2529,2529,542.0,370.22,293.75,54.72,0
CM,3,4,15,15,2.0,1793,1793,379.0,313.8,250.71,54.2,0
CM,3,5,26,22,3.0,1621,1621,1789.0,305.33,243.57,67.24,0
CM,3,6,18,18,4.0,1487,1487,439.0,327.24,261.34,57.29,0
CM,3,7,26,26,6.0,1971,1971,1750.0,360.08,288.34,84.15,0
CM,3,8,32,32,7.0,2180,2180,1777.0,368.15,293.32,89.52,0
CM,3,9,22,22,4.0,3649,3649,1020.0,377.43,298.78,79.54,0
CM,3,10,30,30,4.0,1697,1697,2109.0,317.95,254.87,87.35,0
CM,3,11,27,27,3.0,1758,1758,2378.0,387.83,307.42,107.56,0
CM,3,12,33,33,4.0,2677,2677,3009.0,389.09,308.84,150.79,0
CM,3,13,35,35,8.0,1260,1260,2978.0,304.12,244.29,100.34,0
CM,3,14,39,39,6.0,1825,1825,443.0,318.97,255.88,79.84,0
CM,3,15,15,15,3.0,2405,2405,3609.0,341.0,270.8,122.05,0
CM,4,2,52,52,11.0,5001,5001,5205.0,1644.32,1245.09,502.4,3
CM,4,3,118,118,22.0,5001,5001,5761.0,1666.93,1298.16,622.5,4
CM,4,4,119,119,23.0,5001,5001,6087.0,1813.22,1407.63,728.84,8
CM,4,5,135,135,22.0,5001,5001,6458.0,1808.39,1403.0,779.5,10
CM,4,6,112,112,20.0,5001,5001,7104.0,1778.55,1382.42,936.9,7
CM,4,7,122,122,25.0,5001,5001,6878.0,1789.16,1392.41,930.63,8
CM,4,8,121,121,26.0,5001,5001,7084.0,1826.43,1425.42,952.93,8
CM,4,9,59,59,22.0,5001,5001,7191.0,1718.91,1324.37,1029.25,9
CM,4,10,58,58,20.0,5001,5001,7738.0,1620.0,1259.13,1061.2,5
CM,4,11,155,155,46.0,5001,5001,9078.0,1624.51,1260.64,1252.01,9
CM,4,12,200,200,65.0,5001,5001,9652.0,1697.26,1324.27,1720.49,7
DP,2,2,28,28,3.0,57,57,177.0,40.13,38.11,13.87,0
DP,2,3,31,31,3.0,63,63,472.0,47.99,46.14,12.31,0
DP,2,4,36,36,3.0,76,76,56.0,56.13,54.33,6.9,0
DP,2,5,42,42,4.0,84,84,63.0,63.79,61.97,7.82,0
DP,2,6,36,36,4.0,94,94,80.0,67.58,65.94,8.73,0
DP,2,7,54,54,5.0,98,98,13.0,76.24,74.54,7.91,0
DP,2,8,56,56,6.0,109,109,70.0,83.94,82.27,9.75,0
DP,2,9,64,64,6.0,118,118,67.0,91.49,89.85,10.31,0
DP,2,10,57,57,6.0,123,123,82.0,100.0,98.38,11.86,0
DP,2,11,68,68,7.0,131,131,83.0,105.26,103.64,12.28,0
DP,2,12,67,67,7.0,141,141,76.0,113.6,112.03,12.77,0
DP,2,13,75,75,8.0,154,154,87.0,122.41,120.76,15.13,0
DP,2,14,95,95,10.0,159,159,88.0,127.52,126.0,15.26,0
DP,2,15,90,90,8.0,156,156,86.0,131.18,129.73,14.28,0
DP,3,2,61,61,6.0,160,160,61.0,107.93,98.25,13.36,0
DP,3,3,61,61,7.0,213,213,91.0,129.54,120.22,16.31,0
DP,3,4,73,73,8.0,256,256,89.0,149.29,140.45,17.59,0
DP,3,5,82,82,8.0,272,272,88.0,171.36,162.83,20.03,0
DP,3,6,99,99,11.0,296,296,121.0,185.74,177.79,24.98,0
DP,3,7,91,91,10.0,347,347,126.0,204.55,196.42,26.39,0
DP,3,8,95,95,9.0,340,340,111.0,214.65,207.23,24.74,0
DP,3,9,94,94,9.0,451,451,115.0,248.35,240.8,29.21,0
DP,3,10,115,115,11.0,409,409,123.0,254.1,246.76,29.96,0
DP,3,11,158,158,16.0,459,459,125.0,281.26,273.6,33.32,0
DP,3,12,136,136,13.0,514,514,143.0,287.8,280.69,36.48,0
DP,3,13,163,163,17.0,526,526,130.0,301.84,294.62,35.79,0
DP,3,14,141,141,13.0,526,526,135.0,334.04,326.67,40.26,0
DP,3,15,202,202,20.0,563,563,144.0,339.96,333.03,40.46,0
DP,4,2,128,128,14.0,489,489,134.0,248.94,219.85,31.11,0
DP,4,3,127,127,13.0,617,617,158.0,285.85,259.0,36.38,0
DP,4,4,77,77,8.0,557,557,162.0,325.46,299.55,40.28,0
DP,4,5,108,108,11.0,715,715,172.0,348.67,325.0,46.34,0
DP,4,6,147,147,17.0,654,654,147.0,380.3,357.17,53.21,0
DP,4,7,149,144,16.0,768,768,123.0,401.42,379.11,50.88,0
DP,4,8,198,198,21.0,1002,1002,143.0,430.13,408.57,57.16,0
DP,4,9,183,183,21.0,1004,1004,149.0,500.1,477.66,67.99,0
DP,4,10,202,202,22.0,893,893,181.0,499.49,478.2,65.7,0
DP,4,11,251,251,30.0,937,937,213.0,526.04,504.62,71.72,0
DP,4,12,241,241,28.0,914,914,176.0,547.11,526.19,69.42,0
DP,4,13,288,288,33.0,1038,1038,188.0,575.98,555.37,77.24,0
DP,4,14,194,194,22.0,1073,1073,205.0,605.55,584.84,79.3,0
DP,4,15,326,326,37.0,1256,1256,217.0,627.12,606.52,84.65,0
DP,5,2,175,175,19.0,889,889,176.0,536.95,460.41,76.8,0
DP,5,3,234,234,27.0,963,963,168.0,589.15,520.11,85.26,0
DP,5,4,177,177,21.0,1042,1042,213.0,591.04,528.41,85.87,0
DP,5,5,233,233,27.0,1236,1236,208.0,643.93,583.34,94.32,0
DP,5,6,257,257,30.0,1297,1297,230.0,692.5,633.81,102.62,0
DP,5,7,235,235,27.0,1487,1487,219.0,711.52,654.92,105.14,0
DP,5,8,264,264,32.0,1570,1570,303.0,768.32,711.36,114.39,0
DP,5,9,424,424,54.0,1449,1449,236.0,810.41,754.37,123.44,0
DP,5,10,303,303,37.0,1770,1770,278.0,859.52,803.68,128.81,0
DP,5,11,333,333,40.0,1579,1579,280.0,873.87,818.82,130.32,0
DP,5,12,328,301,42.0,2036,2036,321.0,888.17,833.77,132.67,0
DP,5,13,368,368,43.0,1860,1860,304.0,980.58,925.37,147.84,0
DP,5,14,491,491,60.0,2044,2044,372.0,1072.07,1016.22,165.58,0
DP,5,15,395,395,48.0,1904,1904,346.0,1051.84,997.54,160.79,0
DP,6,2,357,357,47.0,2106,2106,331.0,950.74,780.03,163.19,0
DP,6,3,405,405,51.0,1984,1984,412.0,1066.06,906.65,191.58,0
DP,6,4,412,412,57.0,2502,2502,534.0,1081.44,931.06,195.7,0
DP,6,5,383,383,49.0,2108,2108,442.0,1152.45,1006.2,208.6,0
DP,6,6,390,390,47.0,2178,2178,458.0,1097.55,956.54,197.48,0
DP,6,7,358,358,43.0,2644,2644,535.0,1215.48,1074.75,221.99,0
DP,6,8,408,408,53.0,2976,2976,634.0,1233.59,1093.92,227.92,0
DP,6,9,407,407,51.0,2739,2739,574.0,1320.35,1181.5,241.45,0
DP,6,10,584,584,81.0,2547,2547,509.0,1385.63,1247.38,253.49,0
DP,6,11,470,470,79.0,2893,2893,597.0,1417.96,1280.36,261.33,0
DP,6,12,404,404,49.0,3402,3402,708.0,1491.43,1353.71,280.01,0
DP,6,13,430,430,55.0,2880,2880,577.0,1425.47,1289.53,265.1,0
DP,6,14,688,688,100.0,2772,2772,570.0,1540.4,1404.51,291.59,0
DP,6,15,656,656,92.0,2981,2981,650.0,1650.46,1514.3,311.99,0
DP,7,2,897,897,124.0,5001,5001,1199.0,2256.47,1828.02,534.04,5
DP,7,3,779,779,114.0,5001,5001,1085.0,1788.12,1425.87,429.49,1
DP,7,4,734,507,96.0,3607,3607,1015.0,1712.31,1366.48,407.22,0
DP,7,5,813,813,135.0,3964,3964,1104.0,1751.36,1410.94,420.89,0
DP,7,6,712,712,100.0,4110,4110,1145.0,1845.63,1508.4,451.09,0
DP,7,7,620,620,81.0,3972,3972,1159.0,1861.43,1525.67,477.06,0
DP,7,8,804,804,125.0,5001,5001,1563.0,1884.13,1551.04,487.7,1
DP,7,9,990,990,170.0,4076,4076,1243.0,1978.99,1646.71,520.67,0
DP,7,10,853,853,201.0,4493,4493,1312.0,2117.72,1784.8,564.91,0
DP,7,11,986,986,177.0,4085,4085,1262.0,2154.22,1822.93,582.92,0
DP,7,12,1074,1074,201.0,4940,4940,1619.0,2414.88,2081.58,673.48,0
DP,7,13,985,985,178.0,4495,4495,1459.0,2346.56,2014.86,650.07,0
DP,7,14,987,987,173.0,4657,4657,1406.0,2360.33,2029.75,654.56,0
DP,7,15,1143,1143,213.0,5001,5001,1394.0,2469.55,2139.12,629.04,1
DP,8,2,2080,2080,464.0,5001,5001,2335.0,4013.58,3089.56,1350.85,32
DP,8,3,1445,1429,333.0,5001,5001,2259.0,3143.29,2316.78,1115.86,8
DP,8,4,1398,1398,249.0,5001,5001,2165.0,2854.82,2053.49,1021.39,1
DP,8,5,1341,1341,262.0,5001,5001,2210.0,2981.15,2185.15,1110.62,4
DP,8,6,1536,887,315.0,5001,5001,2283.0,2974.43,2184.55,1109.33,5
DP,8,7,1294,1294,284.0,5001,5001,2195.0,3069.08,2281.61,1156.3,3
DP,8,8,1449,1449,324.0,5001,5001,2249.0,3125.72,2340.4,1194.58,3
DP,8,9,1541,1541,357.0,5001,5001,2265.0,3132.05,2349.51,1189.55,4
DP,8,10,1319,1319,231.0,5001,5001,2256.0,2996.72,2216.58,1131.17,4
DP,8,11,1480,1480,288.0,5001,5001,2286.0,3256.63,2475.6,1270.97,8
DP,8,12,1641,1641,412.0,5001,5001,2271.0,3459.23,2677.58,1393.07,8
DP,8,13,1555,1555,331.0,5001,5001,2318.0,3551.28,2770.23,1460.3,14
DP,8,14,1768,1768,503.0,5001,5001,2384.0,3508.9,2729.5,1436.69,16
DP,8,15,1608,1608,402.0,5001,5001,2448.0,3631.97,2852.49,1521.04,11
DP,9,2,3982,3125,1119.0,5001,5001,3461.0,4964.12,3081.84,2778.94,94
DP,9,3,3455,2263,1118.0,5001,5001,3456.0,4787.04,2944.27,2698.52,70
DP,9,4,2855,2855,889.0,5001,5001,3333.0,4580.58,2757.37,2638.02,44
DP,9,5,2789,2558,791.0,5001,5001,3354.0,4404.21,2590.17,2520.6,43
DP,9,6,2714,2714,807.0,5001,5001,3387.0,4368.82,2559.51,2506.91,39
DP,9,7,2759,2759,856.0,5001,5001,3442.0,4334.74,2529.68,2476.04,38
DP,9,8,2766,2766,817.0,5001,5001,3365.0,4515.15,2709.25,2666.34,50
DP,9,9,2761,2761,794.0,5001,5001,3540.0,4494.99,2692.07,2702.44,47
DP,9,10,2983,2983,1134.0,5001,5001,3595.0,4631.72,2829.26,2918.91,50
DP,9,11,3333,3193,1414.0,5001,5001,3649.0,4729.08,2927.32,3068.06,58
DP,9,12,2951,2951,1021.0,5001,5001,3573.0,4634.07,2834.42,2949.99,53
DP,9,13,3035,2483,1102.0,5001,5001,3600.0,4710.8,2912.28,3090.67,62
DP,9,14,2809,2325,947.0,5001,5001,3728.0,4735.28,2937.98,3122.21,59
DP,9,15,3274,3199,1217.0,5001,5001,3814.0,4753.64,2956.59,2740.94,65
DP,10,2,5001,1179,870.0,5001,5001,1467.0,5001.0,1192.71,1183.28,100
DP,10,3,9999999,9999999,9999999,-1,-1,-1,0.0,0.0,0.0,100
DP,10,4,9999999,9999999,9999999,-1,-1,-1,0.0,0.0,0.0,100
DP,10,5,9999999,9999999,9999999,-1,-1,-1,0.0,0.0,0.0,100
DP,10,6,9999999,9999999,9999999,-1,-1,-1,0.0,0.0,0.0,100
DP,10,7,9999999,9999999,9999999,-1,-1,-1,0.0,0.0,0.0,100
DP,10,8,9999999,9999999,9999999,-1,-1,-1,0.0,0.0,0.0,100
DP,10,9,9999999,9999999,9999999,-1,-1,-1,0.0,0.0,0.0,100
DP,10,10,9999999,9999999,9999999,-1,-1,-1,0.0,0.0,0.0,100
DP,10,11,9999999,9999999,9999999,-1,-1,-1,0.0,0.0,0.0,100
DP,10,12,9999999,9999999,9999999,-1,-1,-1,0.0,0.0,0.0,100
DP,10,13,9999999,9999999,9999999,-1,-1,-1,0.0,0.0,0.0,100
DP,10,14,9999999,9999999,9999999,-1,-1,-1,0.0,0.0,0.0,100
DP,10,15,9999999,9999999,9999999,-1,-1,-1,0.0,0.0,0.0,100
DP,11,2,9999999,9999999,9999999,-1,-1,-1,0.0,0.0,0.0,100
DP,11,3,9999999,9999999,9999999,-1,-1,-1,0.0,0.0,0.0,100
DP,11,4,9999999,9999999,9999999,-1,-1,-1,0.0,0.0,0.0,100
DP,11,5,9999999,9999999,9999999,-1,-1,-1,0.0,0.0,0.0,100
DP,11,6,9999999,9999999,9999999,-1,-1,-1,0.0,0.0,0.0,100
DP,11,7,9999999,9999999,9999999,-1,-1,-1,0.0,0.0,0.0,100
DP,11,8,9999999,9999999,9999999,-1,-1,-1,0.0,0.0,0.0,100
DP,11,9,9999999,9999999,9999999,-1,-1,-1,0.0,0.0,0.0,100
DP,11,10,9999999,9999999,9999999,-1,-1,-1,0.0,0.0,0.0,100
DP,11,11,9999999,9999999,9999999,-1,-1,-1,0.0,0.0,0.0,100
DP,11,12,9999999,9999999,9999999,-1,-1,-1,0.0,0.0,0.0,100
DP,11,13,9999999,9999999,9999999,-1,-1,-1,0.0,0.0,0.0,100
DP,11,14,9999999,9999999,9999999,-1,-1,-1,0.0,0.0,0.0,100
DP,11,15,9999999,9999999,9999999,-1,-1,-1,0.0,0.0,0.0,100
DP,12,2,9999999,9999999,9999999,-1,-1,-1,0.0,0.0,0.0,100
DP,12,3,9999999,9999999,9999999,-1,-1,-1,0.0,0.0,0.0,100
DP,12,4,9999999,9999999,9999999,-1,-1,-1,0.0,0.0,0.0,100
DP,12,5,9999999,9999999,9999999,-1,-1,-1,0.0,0.0,0.0,100
DP,12,6,9999999,9999999,9999999,-1,-1,-1,0.0,0.0,0.0,100
DP,12,7,9999999,9999999,9999999,-1,-1,-1,0.0,0.0,0.0,100
DP,12,8,9999999,9999999,9999999,-1,-1,-1,0.0,0.0,0.0,100
DP,12,9,9999999,9999999,9999999,-1,-1,-1,0.0,0.0,0.0,100
DP,12,10,9999999,9999999,9999999,-1,-1,-1,0.0,0.0,0.0,100
DP,12,11,9999999,9999999,9999999,-1,-1,-1,0.0,0.0,0.0,100
DP,12,12,9999999,9999999,9999999,-1,-1,-1,0.0,0.0,0.0,100
DP,12,13,9999999,9999999,9999999,-1,-1,-1,0.0,0.0,0.0,100
DP,12,14,9999999,9999999,9999999,-1,-1,-1,0.0,0.0,0.0,100
DP,12,15,9999999,9999999,9999999,-1,-1,-1,0.0,0.0,0.0,100
DP,13,2,9999999,9999999,9999999,-1,-1,-1,0.0,0.0,0.0,100
DP,13,3,9999999,9999999,9999999,-1,-1,-1,0.0,0.0,0.0,100
DP,13,4,9999999,9999999,9999999,-1,-1,-1,0.0,0.0,0.0,100
DP,13,5,9999999,9999999,9999999,-1,-1,-1,0.0,0.0,0.0,100
DP,13,6,9999999,9999999,9999999,-1,-1,-1,0.0,0.0,0.0,100
DP,13,7,9999999,9999999,9999999,-1,-1,-1,0.0,0.0,0.0,100
DP,13,8,9999999,9999999,9999999,-1,-1,-1,0.0,0.0,0.0,100
DP,13,9,9999999,9999999,9999999,-1,-1,-1,0.0,0.0,0.0,100
DP,13,10,9999999,9999999,9999999,-1,-1,-1,0.0,0.0,0.0,100
DP,13,11,9999999,9999999,9999999,-1,-1,-1,0.0,0.0,0.0,100
DP,13,12,9999999,9999999,9999999,-1,-1,-1,0.0,0.0,0.0,100
DP,13,13,9999999,9999999,9999999,-1,-1,-1,0.0,0.0,0.0,100
DP,13,14,9999999,9999999,9999999,-1,-1,-1,0.0,0.0,0.0,100
DP,13,15,9999999,9999999,9999999,-1,-1,-1,0.0,0.0,0.0,100
DP,14,2,9999999,9999999,9999999,-1,-1,-1,0.0,0.0,0.0,100
DP,14,3,9999999,9999999,9999999,-1,-1,-1,0.0,0.0,0.0,100
DP,14,4,9999999,9999999,9999999,-1,-1,-1,0.0,0.0,0.0,100
DP,14,5,9999999,9999999,9999999,-1,-1,-1,0.0,0.0,0.0,100
DP,14,6,9999999,9999999,9999999,-1,-1,-1,0.0,0.0,0.0,100
DP,14,7,9999999,9999999,9999999,-1,-1,-1,0.0,0.0,0.0,100
DP,14,8,9999999,9999999,9999999,-1,-1,-1,0.0,0.0,0.0,100
DP,14,9,9999999,9999999,9999999,-1,-1,-1,0.0,0.0,0.0,100
DP,14,10,9999999,9999999,9999999,-1,-1,-1,0.0,0.0,0.0,100
DP,14,11,9999999,9999999,9999999,-1,-1,-1,0.0,0.0,0.0,100
DP,14,12,9999999,9999999,9999999,-1,-1,-1,0.0,0.0,0.0,100
DP,14,13,9999999,9999999,9999999,-1,-1,-1,0.0,0.0,0.0,100
DP,14,14,9999999,9999999,9999999,-1,-1,-1,0.0,0.0,0.0,100
DP,14,15,9999999,9999999,9999999,-1,-1,-1,0.0,0.0,0.0,100
DP,15,2,9999999,9999999,9999999,-1,-1,-1,0.0,0.0,0.0,100
DP,15,3,9999999,9999999,9999999,-1,-1,-1,0.0,0.0,0.0,100
DP,15,4,9999999,9999999,9999999,-1,-1,-1,0.0,0.0,0.0,100
DP,15,5,9999999,9999999,9999999,-1,-1,-1,0.0,0.0,0.0,100
DP,15,6,9999999,9999999,9999999,-1,-1,-1,0.0,0.0,0.0,100
DP,15,7,9999999,9999999,9999999,-1,-1,-1,0.0,0.0,0.0,100
DP,15,8,9999999,9999999,9999999,-1,-1,-1,0.0,0.0,0.0,100
DP,15,9,9999999,9999999,9999999,-1,-1,-1,0.0,0.0,0.0,100
DP,15,10,9999999,9999999,9999999,-1,-1,-1,0.0,0.0,0.0,100
DP,15,11,9999999,9999999,9999999,-1,-1,-1,0.0,0.0,0.0,100
DP,15,12,9999999,9999999,9999999,-1,-1,-1,0.0,0.0,0.0,100
DP,15,13,9999999,9999999,9999999,-1,-1,-1,0.0,0.0,0.0,100
DP,15,14,9999999,9999999,9999999,-1,-1,-1,0.0,0.0,0.0,100
DP,15,15,9999999,9999999,9999999,-1,-1,-1,0.0,0.0,0.0,100
TA,2,2,6,6,1.0,70,70,830.0,18.54,16.8,15.47,0
TA,2,3,6,6,0.0,86,86,10.0,22.87,20.13,3.12,0
TA,2,4,6,6,0.0,124,124,16.0,22.95,20.14,3.29,0
TA,2,5,6,6,0.0,113,113,16.0,27.76,24.14,3.93,0
TA,2,6,6,6,0.0,135,135,18.0,31.38,26.59,4.27,0
TA,2,7,6,6,1.0,130,130,48.0,35.33,30.19,5.26,0
TA,2,8,6,6,0.0,156,156,21.0,35.08,29.95,4.55,0
TA,2,9,6,6,1.0,186,186,109.0,38.35,32.28,6.89,0
TA,2,10,6,6,1.0,168,168,101.0,41.64,34.93,6.42,0
TA,2,11,6,6,0.0,207,207,23.0,42.97,35.85,5.87,0
TA,2,12,6,6,1.0,262,262,37.0,51.22,41.55,6.98,0
TA,2,13,6,6,1.0,180,180,61.0,51.54,43.27,7.25,0
TA,2,14,6,6,1.0,200,200,55.0,46.59,39.27,6.7,0
TA,2,15,6,6,1.0,154,154,19.0,50.39,42.14,6.52,0
TA,3,2,6,6,1.0,68,68,10.0,18.35,17.06,2.74,0
TA,3,3,6,6,0.0,69,69,10.0,21.9,19.77,3.13,0
TA,3,4,7,7,1.0,76,76,12.0,24.63,22.19,3.56,0
TA,3,5,6,6,1.0,174,174,22.0,29.23,25.69,4.46,0
TA,3,6,7,7,1.0,186,186,25.0,33.38,28.43,4.73,0
TA,3,7,6,6,1.0,320,320,74.0,35.56,30.33,6.02,0
TA,3,8,6,6,1.0,181,181,26.0,34.6,29.97,4.88,0
TA,3,9,6,6,1.0,341,341,52.0,38.97,32.89,5.49,0
TA,3,10,6,6,1.0,129,129,18.0,39.04,33.44,5.71,0
TA,3,11,6,6,1.0,326,326,46.0,39.34,33.84,5.45,0
TA,3,12,6,6,1.0,443,443,152.0,46.61,38.95,8.15,0
TA,3,13,6,6,1.0,164,164,22.0,45.55,38.73,6.46,0
TA,3,14,6,6,1.0,308,308,81.0,60.14,49.59,8.84,0
TA,3,15,6,6,1.0,219,219,30.0,56.51,46.99,7.65,0
TA,4,2,6,6,1.0,64,64,10.0,17.34,16.21,2.7,0
TA,4,3,6,6,1.0,66,66,9.0,19.15,17.72,3.02,0
TA,4,4,7,7,1.0,97,97,13.0,24.53,22.06,3.74,0
TA,4,5,6,6,1.0,122,122,17.0,27.21,24.22,4.24,0
TA,4,6,6,6,1.0,107,107,52.0,29.51,25.54,5.06,0
TA,4,7,6,6,1.0,126,126,19.0,31.77,27.63,4.84,0
TA,4,8,6,6,1.0,184,184,59.0,38.99,33.36,6.13,0
TA,4,9,6,6,1.0,171,171,68.0,41.48,35.41,7.11,0
TA,4,10,6,6,1.0,135,135,68.0,40.69,34.64,6.54,0
TA,4,11,6,6,1.0,265,265,53.0,46.04,38.52,7.05,0
TA,4,12,6,6,1.0,148,148,23.0,43.89,37.51,6.66,0
TA,4,13,7,7,1.0,189,189,55.0,50.72,42.62,7.95,0
TA,4,14,6,6,1.0,262,262,46.0,52.42,43.9,8.05,0
TA,4,15,6,6,1.0,254,254,64.0,51.57,43.56,8.62,0
TA,5,2,6,6,1.0,104,104,24.0,18.07,16.62,3.64,0
TA,5,3,6,6,1.0,60,60,9.0,19.57,17.96,3.2,0
TA,5,4,6,6,1.0,86,86,77.0,22.38,20.06,4.72,0
TA,5,5,6,6,1.0,82,82,11.0,26.99,23.75,4.17,0
TA,5,6,7,7,1.0,155,155,21.0,34.89,30.23,5.49,0
TA,5,7,6,6,1.0,80,80,54.0,31.56,27.53,5.5,0
TA,5,8,6,6,1.0,117,117,18.0,34.91,30.35,5.72,0
TA,5,9,6,6,1.0,124,124,17.0,34.99,30.33,5.54,0
TA,5,10,6,6,1.0,159,159,61.0,40.6,34.66,6.74,0
TA,5,11,6,6,1.0,188,188,135.0,43.32,36.82,7.74,0
TA,5,12,6,6,1.0,150,150,72.0,43.98,37.42,7.5,0
TA,5,13,6,6,1.0,465,465,67.0,49.08,41.1,8.08,0
TA,5,14,6,6,1.0,222,222,36.0,53.7,45.34,8.03,0
TA,5,15,6,6,2.0,317,317,45.0,60.03,49.59,9.1,0
TA,6,2,6,6,1.0,131,131,17.0,18.15,16.64,3.28,0
TA,6,3,6,6,1.0,146,146,25.0,20.34,18.4,3.66,0
TA,6,4,6,6,1.0,168,168,70.0,25.57,22.54,4.83,0
TA,6,5,6,6,1.0,115,115,57.0,25.86,23.08,4.9,0
TA,6,6,6,6,1.0,125,125,213.0,26.41,23.16,7.94,0
TA,6,7,6,6,1.0,113,113,58.0,30.48,26.64,6.38,0
TA,6,8,6,6,1.0,175,175,24.0,39.66,33.81,6.39,0
TA,6,9,6,6,1.0,106,106,112.0,37.68,32.56,7.24,0
TA,6,10,6,6,1.0,276,276,47.0,41.27,34.88,6.44,0
TA,6,11,6,6,1.0,221,221,90.0,47.79,40.34,9.06,0
TA,6,12,6,6,1.0,170,170,23.0,45.16,38.09,7.47,0
TA,6,13,6,6,1.0,146,146,147.0,43.9,37.36,9.5,0
TA,6,14,6,6,2.0,202,202,93.0,53.26,44.64,9.5,0
TA,6,15,6,6,1.0,242,242,121.0,54.47,45.55,9.6,0
TA,7,2,6,6,1.0,181,181,128.0,17.41,16.0,4.66,0
TA,7,3,6,6,1.0,59,59,55.0,19.52,17.9,4.52,0
TA,7,4,6,6,1.0,84,84,13.0,24.29,21.94,4.55,0
TA,7,5,6,6,2.0,208,208,27.0,27.38,24.45,4.79,0
TA,7,6,6,6,1.0,151,151,49.0,29.32,25.73,6.03,0
TA,7,7,6,6,1.0,194,194,86.0,35.31,30.48,6.69,0
TA,7,8,6,6,1.0,120,120,62.0,35.33,30.22,7.5,0
TA,7,9,6,6,1.0,173,173,52.0,30.18,26.42,6.14,0
TA,7,10,6,6,1.0,150,150,61.0,36.36,31.52,6.3,0
TA,7,11,6,6,1.0,233,233,138.0,48.55,40.76,10.11,0
TA,7,12,6,6,2.0,165,165,66.0,48.98,40.93,9.93,0
TA,7,13,6,6,2.0,133,133,47.0,43.3,37.2,7.65,0
TA,7,14,6,6,1.0,538,538,91.0,51.77,42.9,10.34,0
TA,7,15,6,6,2.0,252,252,58.0,58.0,48.5,9.94,0
TA,8,2,6,6,1.0,90,90,62.0,20.28,18.6,4.5,0
TA,8,3,6,6,1.0,54,54,53.0,19.18,17.89,4.16,0
TA,8,4,6,6,1.0,110,110,15.0,23.35,21.08,4.45,0
TA,8,5,6,6,1.0,1843,1843,407.0,46.61,34.96,9.93,0
TA,8,6,6,6,1.0,118,118,17.0,29.11,25.89,5.37,0
TA,8,7,6,6,1.0,105,105,191.0,32.63,28.45,8.65,0
TA,8,8,6,6,2.0,156,156,22.0,36.26,31.26,6.51,0
TA,8,9,6,6,2.0,130,130,19.0,34.35,30.02,6.48,0
TA,8,10,6,6,2.0,158,158,209.0,41.47,35.4,9.15,0
TA,8,11,6,6,1.0,295,295,91.0,48.91,41.23,10.28,0
TA,8,12,6,6,1.0,192,192,32.0,52.98,44.38,9.28,0
TA,8,13,6,6,2.0,229,229,185.0,58.01,48.16,11.81,0
TA,8,14,6,6,2.0,271,271,95.0,53.9,44.89,11.83,0
TA,8,15,6,6,2.0,172,172,161.0,51.81,43.99,11.76,0
TA,9,2,6,6,1.0,58,58,70.0,17.8,16.56,5.52,0
TA,9,3,6,6,1.0,96,96,130.0,20.25,18.47,5.92,0
TA,9,4,7,7,1.0,131,131,85.0,26.95,23.71,7.46,0
TA,9,5,6,6,1.0,164,164,139.0,24.53,21.78,6.63,0
TA,9,6,6,6,1.0,100,100,62.0,28.5,25.01,7.37,0
TA,9,7,6,6,2.0,115,115,78.0,30.64,26.69,6.87,0
TA,9,8,6,6,2.0,191,191,104.0,35.93,30.93,7.41,0
TA,9,9,6,6,2.0,125,125,64.0,37.68,32.59,8.65,0
TA,9,10,6,6,2.0,166,166,23.0,42.01,35.71,7.71,0
TA,9,11,6,6,2.0,188,188,73.0,45.92,38.63,11.05,0
TA,9,12,6,6,2.0,184,184,54.0,44.84,37.96,9.35,0
TA,9,13,6,6,2.0,191,191,34.0,51.11,42.83,9.86,0
TA,9,14,6,6,2.0,219,219,223.0,48.79,40.87,13.99,0
TA,9,15,6,6,2.0,166,166,73.0,52.81,44.63,10.84,0
TA,10,2,6,6,2.0,54,54,9.0,16.52,15.5,3.7,0
TA,10,3,6,6,1.0,89,89,224.0,22.54,20.45,9.47,0
TA,10,4,6,6,1.0,97,97,87.0,26.6,23.38,7.38,0
TA,10,5,6,6,2.0,203,203,90.0,27.1,23.92,7.37,0
TA,10,6,6,6,1.0,121,121,83.0,29.77,26.05,7.54,0
TA,10,7,6,6,1.0,232,232,86.0,32.56,27.79,8.24,0
TA,10,8,6,6,2.0,166,166,60.0,34.05,29.46,7.2,0
TA,10,9,6,6,2.0,87,87,54.0,36.11,31.01,7.33,0
TA,10,10,6,6,2.0,153,153,63.0,42.02,35.87,9.11,0
TA,10,11,6,6,2.0,133,133,87.0,41.5,35.81,8.97,0
TA,10,12,6,6,2.0,197,197,54.0,46.33,39.36,9.62,0
TA,10,13,6,6,2.0,187,187,80.0,51.01,42.75,12.84,0
TA,10,14,6,6,2.0,158,158,198.0,46.2,39.64,11.54,0
TA,10,15,6,6,2.0,280,280,98.0,61.9,51.6,13.15,0
TA,11,2,6,6,2.0,68,68,100.0,18.04,16.8,5.82,0
TA,11,3,6,6,2.0,151,151,159.0,20.56,18.64,6.44,0
TA,11,4,6,6,1.0,99,99,57.0,24.98,22.34,6.22,0
TA,11,5,7,7,2.0,98,98,58.0,28.67,25.17,6.58,0
TA,11,6,6,6,2.0,103,103,61.0,28.18,24.87,6.66,0
TA,11,7,6,6,2.0,132,132,63.0,32.19,28.25,7.15,0
TA,11,8,6,6,2.0,203,203,78.0,35.78,30.39,7.83,0
TA,11,9,6,6,2.0,226,226,75.0,44.78,37.92,9.54,0
TA,11,10,6,6,2.0,267,267,61.0,45.13,38.23,9.84,0
TA,11,11,6,6,2.0,147,147,93.0,41.28,35.53,10.54,0
TA,11,12,6,6,2.0,298,298,140.0,50.45,42.49,12.11,0
TA,11,13,6,6,2.0,267,267,216.0,43.33,36.74,11.27,0
TA,11,14,6,6,2.0,200,200,151.0,49.07,41.48,12.43,0
TA,11,15,6,6,3.0,251,251,249.0,51.92,43.5,15.88,0
TA,12,2,6,6,2.0,87,87,54.0,16.99,15.85,5.42,0
TA,12,3,6,6,2.0,102,102,51.0,20.28,18.41,5.34,0
TA,12,4,6,6,2.0,86,86,57.0,25.71,22.87,6.63,0
TA,12,5,6,6,2.0,128,128,54.0,28.51,25.14,6.36,0
TA,12,6,6,6,2.0,88,88,98.0,31.44,27.5,8.29,0
TA,12,7,6,6,2.0,181,181,81.0,33.68,28.99,8.58,0
TA,12,8,7,7,2.0,177,177,79.0,35.37,30.45,9.06,0
TA,12,9,7,7,2.0,184,184,314.0,38.76,33.01,12.43,0
TA,12,10,6,6,2.0,197,197,74.0,40.96,34.94,10.03,0
TA,12,11,6,6,2.0,159,159,250.0,48.24,40.92,13.95,0
TA,12,12,6,6,2.0,206,206,77.0,43.91,37.15,11.67,0
TA,12,13,6,6,3.0,176,176,74.0,49.05,41.48,12.17,0
TA,12,14,6,6,3.0,235,235,37.0,55.84,46.86,11.38,0
TA,12,15,7,7,5.0,246,246,85.0,60.71,50.5,14.92,0
TA,13,2,6,6,2.0,132,132,50.0,18.84,17.12,4.94,0
TA,13,3,6,6,2.0,94,94,55.0,22.73,20.41,5.3,0
TA,13,4,6,6,2.0,77,77,73.0,23.91,21.44,6.97,0
TA,13,5,6,6,2.0,142,142,91.0,26.56,23.43,8.55,0
TA,13,6,6,6,2.0,119,119,41.0,29.7,25.89,7.27,0
TA,13,7,6,6,2.0,226,226,59.0,37.42,32.05,8.96,0
TA,13,8,6,6,3.0,181,181,79.0,37.02,31.74,9.6,0
TA,13,9,7,7,3.0,159,159,77.0,35.33,30.55,10.33,0
TA,13,10,6,6,2.0,286,286,98.0,45.26,38.34,12.43,0
TA,13,11,6,6,3.0,140,140,62.0,41.52,35.72,10.1,0
TA,13,12,6,6,3.0,146,146,53.0,42.46,36.2,10.57,0
TA,13,13,6,6,2.0,203,203,77.0,52.35,43.78,12.62,0
TA,13,14,6,6,4.0,187,187,80.0,49.28,41.56,12.3,0
TA,13,15,6,6,5.0,228,228,86.0,58.53,48.6,13.34,0
TA,14,2,6,6,2.0,90,90,47.0,20.22,18.66,4.66,0
TA,14,3,6,6,2.0,68,68,105.0,19.46,17.88,5.24,0
TA,14,4,6,6,2.0,104,104,30.0,22.66,20.44,5.31,0
TA,14,5,7,7,2.0,117,117,51.0,27.32,24.16,6.71,0
TA,14,6,6,6,2.0,101,101,62.0,27.53,24.35,8.42,0
TA,14,7,6,6,2.0,337,337,83.0,38.07,32.5,10.91,0
TA,14,8,6,6,3.0,123,123,53.0,38.25,32.97,10.23,0
TA,14,9,6,6,2.0,145,145,94.0,40.24,34.68,11.82,0
TA,14,10,6,6,3.0,180,180,92.0,41.07,34.91,11.2,0
TA,14,11,6,6,3.0,464,464,90.0,48.16,39.55,12.66,0
TA,14,12,7,7,5.0,178,178,109.0,46.55,39.33,14.24,0
TA,14,13,6,6,6.0,239,239,296.0,56.14,47.01,19.24,0
TA,14,14,6,6,5.0,209,209,96.0,49.23,41.4,14.88,0
TA,14,15,6,6,6.0,206,206,326.0,58.06,48.14,19.55,0
TA,15,2,6,6,2.0,96,96,66.0,19.36,17.44,5.63,0
TA,15,3,6,6,2.0,75,75,95.0,21.12,19.2,6.56,0
TA,15,4,6,6,2.0,100,100,62.0,22.92,20.88,8.02,0
TA,15,5,6,6,2.0,71,71,15.0,24.54,22.09,7.01,0
TA,15,6,6,6,2.0,333,333,105.0,40.31,33.43,12.23,0
TA,15,7,6,6,2.0,155,155,91.0,30.34,26.35,10.71,0
TA,15,8,6,6,2.0,155,155,172.0,38.58,32.89,13.57,0
TA,15,9,6,6,2.0,266,266,229.0,41.05,34.63,15.15,0
TA,15,10,6,6,6.0,120,120,50.0,37.96,32.65,11.17,0
TA,15,11,6,6,5.0,191,191,137.0,49.85,41.9,17.56,0
TA,15,12,6,6,6.0,255,255,2828.0,49.35,41.69,44.03,0
TA,15,13,6,6,6.0,1120,1120,370.0,61.04,49.14,19.11,0
TA,15,14,6,6,6.0,321,321,234.0,55.16,45.86,23.01,0
TA,15,15,6,6,6.0,239,239,246.0,61.61,51.14,19.7,0
TL,2,2,12,12,1.0,38,38,13.0,23.8,22.23,4.25,0
TL,2,3,12,12,1.0,50,50,11.0,26.48,24.6,4.2,0
TL,2,4,11,11,1.0,57,57,51.0,27.29,25.55,5.18,0
TL,2,5,13,13,1.0,56,56,8.0,26.12,24.59,3.6,0
TL,2,6,10,10,1.0,55,55,50.0,25.04,23.68,4.42,0
TL,2,7,9,9,1.0,51,51,8.0,24.28,22.8,3.37,0
TL,2,8,12,12,1.0,63,63,9.0,27.42,25.57,3.62,0
TL,2,9,9,9,1.0,61,61,12.0,26.91,25.21,4.32,0
TL,2,10,10,10,1.0,56,56,12.0,26.62,24.89,4.36,0
TL,2,11,10,10,1.0,66,66,78.0,26.99,25.1,5.61,0
TL,2,12,10,10,1.0,63,63,9.0,25.23,23.59,3.59,0
TL,2,13,8,8,1.0,63,63,57.0,24.89,23.34,4.74,0
TL,2,14,10,10,1.0,62,62,12.0,26.79,25.05,3.75,0
TL,2,15,9,9,1.0,63,63,12.0,28.65,26.7,4.51,0
TL,3,2,16,16,2.0,91,91,20.0,47.11,44.08,7.62,0
TL,3,3,17,17,1.0,114,114,84.0,56.75,53.3,9.46,0
TL,3,4,22,22,2.0,129,129,80.0,60.64,56.91,9.45,0
TL,3,5,19,19,2.0,153,153,29.0,60.73,56.48,9.65,0
TL,3,6,24,24,2.0,115,115,70.0,58.0,54.48,9.6,0
TL,3,7,22,22,2.0,138,138,74.0,59.09,55.36,9.23,0
TL,3,8,19,19,3.0,131,131,80.0,58.92,55.13,9.35,0
TL,3,9,16,16,2.0,184,184,60.0,63.22,59.28,11.18,0
TL,3,10,18,18,2.0,170,170,97.0,61.07,57.2,11.0,0
TL,3,11,22,22,2.0,125,125,15.0,58.44,54.78,7.92,0
TL,3,12,20,20,2.0,201,201,55.0,56.05,52.57,9.31,0
TL,3,13,20,20,2.0,170,170,59.0,64.82,60.68,11.35,0
TL,3,14,19,19,2.0,153,153,98.0,66.0,61.9,11.59,0
TL,3,15,21,21,2.0,130,130,55.0,56.67,53.19,10.05,0
TL,4,2,29,29,3.0,202,202,107.0,102.7,96.14,17.04,0
TL,4,3,40,40,5.0,277,277,100.0,123.32,115.02,20.79,0
TL,4,4,40,40,7.0,286,286,98.0,123.07,115.13,19.48,0
TL,4,5,45,45,6.0,332,332,77.0,128.7,120.75,21.37,0
TL,4,6,40,40,5.0,286,286,41.0,123.3,115.8,17.76,0
TL,4,7,24,24,3.0,288,288,141.0,127.69,119.62,20.52,0
TL,4,8,33,33,4.0,287,287,43.0,131.83,123.54,19.28,0
TL,4,9,31,31,3.0,309,309,123.0,133.24,124.67,22.16,0
TL,4,10,40,40,7.0,306,306,148.0,126.58,118.53,19.48,0
TL,4,11,36,36,4.0,329,329,218.0,134.97,126.47,22.89,0
TL,4,12,46,46,6.0,306,306,98.0,127.74,119.73,20.17,0
TL,4,13,32,32,3.0,310,310,123.0,131.84,123.14,21.07,0
TL,4,14,41,41,5.0,276,276,98.0,136.22,127.33,22.95,0
TL,4,15,31,31,4.0,301,301,223.0,131.85,123.43,23.9,0
TL,5,2,68,68,10.0,458,458,142.0,190.7,178.22,32.31,0
TL,5,3,86,86,14.0,739,739,211.0,238.85,223.02,40.14,0
TL,5,4,61,61,10.0,719,719,121.0,274.24,255.83,45.05,0
TL,5,5,56,56,8.0,606,606,195.0,263.83,247.08,44.97,0
TL,5,6,62,62,10.0,1102,1102,240.0,282.37,262.39,55.93,0
TL,5,7,62,58,9.0,674,674,3005.0,280.86,262.19,77.93,0
TL,5,8,66,66,11.0,1047,1047,179.0,269.94,252.61,44.3,0
TL,5,9,64,64,9.0,595,595,174.0,261.15,244.43,53.62,0
TL,5,10,96,96,15.0,657,657,174.0,285.35,266.69,48.48,0
TL,5,11,59,59,11.0,519,519,168.0,247.65,231.45,41.55,0
TL,5,12,75,75,12.0,620,620,187.0,271.59,253.73,58.12,0
TL,5,13,53,53,8.0,598,598,122.0,263.9,246.77,43.86,0
TL,5,14,51,51,11.0,791,791,290.0,287.76,268.19,58.15,0
TL,5,15,79,79,12.0,616,616,3217.0,258.46,241.72,79.89,0
TL,6,2,127,127,18.0,707,707,179.0,344.73,322.13,61.74,0
TL,6,3,67,67,14.0,934,934,3063.0,447.53,416.86,123.56,0
TL,6,4,110,110,25.0,1134,1134,251.0,497.17,463.77,95.0,0
TL,6,5,116,116,20.0,1267,1267,3252.0,560.53,521.12,151.67,0
TL,6,6,133,133,23.0,1390,1390,380.0,518.06,482.96,109.94,0
TL,6,7,144,144,22.0,1602,1602,3030.0,535.13,497.6,135.46,0
TL,6,8,191,191,32.0,1319,1319,3394.0,563.93,524.87,150.93,0
TL,6,9,103,103,20.0,1292,1292,3218.0,541.86,504.85,142.23,0
TL,6,10,102,102,14.0,1431,1431,489.0,528.62,492.34,113.75,0
TL,6,11,118,118,27.0,1422,1422,434.0,558.82,519.56,121.15,0
TL,6,12,137,137,24.0,1374,1374,3291.0,550.19,511.69,143.39,0
TL,6,13,138,138,19.0,1902,1902,3239.0,567.85,528.07,151.37,0
TL,6,14,95,95,19.0,1487,1487,3141.0,514.27,479.14,144.5,0
TL,6,15,103,103,15.0,1188,1188,333.0,502.83,468.92,109.08,0
TL,7,2,211,211,43.0,1406,1406,3082.0,645.52,601.66,171.41,0
TL,7,3,137,137,21.0,2427,2427,3432.0,836.56,776.04,257.81,0
TL,7,4,231,231,54.0,1963,1963,3264.0,994.55,922.19,251.46,0
TL,7,5,232,232,39.0,3022,3022,3255.0,1048.7,972.22,311.84,0
TL,7,6,323,323,52.0,2402,2402,3635.0,1150.14,1065.6,333.77,0
TL,7,7,236,236,36.0,2811,2811,3496.0,1051.89,976.38,279.71,0
TL,7,8,242,242,46.0,2498,2498,3561.0,1026.41,953.27,296.09,0
TL,7,9,238,238,38.0,2560,2560,3593.0,979.35,910.52,294.08,0
TL,7,10,294,294,43.0,2773,2773,3353.0,1114.82,1033.34,331.72,0
TL,7,11,268,268,43.0,2468,2468,3328.0,1069.63,992.11,319.35,0
TL,7,12,287,287,53.0,2435,2435,3646.0,1078.2,999.27,292.87,0
TL,7,13,238,238,45.0,2427,2427,3375.0,990.35,919.52,295.64,0
TL,7,14,252,239,38.0,2349,2349,3388.0,1031.87,959.5,318.13,0
TL,7,15,189,189,44.0,2815,2815,3511.0,1100.63,1021.05,329.36,0
TL,8,2,377,377,58.0,2661,2661,3306.0,1133.27,1052.91,345.83,0
TL,8,3,256,256,62.0,3669,3669,3797.0,1654.85,1527.88,569.39,0
TL,8,4,349,349,53.0,4523,4523,4226.0,1726.24,1595.41,589.7,0
TL,8,5,343,343,89.0,5001,5001,5014.0,1955.78,1805.0,658.12,1
TL,8,6,393,393,90.0,5001,5001,4284.0,1955.86,1807.25,690.88,1
TL,8,7,449,449,76.0,5001,5001,4767.0,2029.21,1874.08,699.76,1
TL,8,8,493,493,74.0,5001,5001,3887.0,2074.61,1918.82,724.03,1
TL,8,9,486,486,107.0,5001,5001,4905.0,2180.88,2012.72,801.93,3
TL,8,10,440,440,104.0,5001,5001,4956.0,2141.0,1976.85,788.46,1
TL,8,11,413,413,66.0,5001,5001,4659.0,1969.4,1819.58,685.51,1
TL,8,12,518,518,119.0,5001,5001,4137.0,2029.58,1875.86,752.4,2
TL,8,13,431,431,94.0,5001,5001,3953.0,2094.95,1936.64,772.69,2
TL,8,14,460,460,68.0,5001,5001,4254.0,1970.71,1824.61,649.63,1
TL,8,15,337,337,82.0,5001,5001,4983.0,2089.87,1931.87,777.45,4
TL,9,2,419,419,82.0,4215,4215,4125.0,1814.71,1683.22,678.68,0
TL,9,3,420,420,75.0,5001,5001,4546.0,2730.86,2519.3,1037.33,3
TL,9,4,675,675,159.0,5001,5001,5242.0,3065.03,2826.04,1267.31,12
TL,9,5,782,782,134.0,5001,5001,5137.0,3420.31,3151.64,1387.61,20
TL,9,6,616,616,107.0,5001,5001,5296.0,2967.53,2747.89,1157.45,15
TL,9,7,1059,1059,349.0,5001,5001,5162.0,3514.34,3247.88,1409.44,26
TL,9,8,1275,1275,333.0,5001,5001,5166.0,3641.07,3364.96,1558.64,32
TL,9,9,756,756,137.0,5001,5001,5057.0,3391.93,3138.56,1370.84,20
TL,9,10,1149,1149,223.0,5001,5001,4870.0,3766.84,3479.17,1634.26,38
TL,9,11,594,594,144.0,5001,5001,5165.0,3338.79,3088.31,1415.87,19
TL,9,12,945,945,177.0,5001,5001,5218.0,3688.6,3409.14,1600.51,31
TL,9,13,1026,1026,283.0,5001,5001,5314.0,3516.11,3252.43,1524.98,24
TL,9,14,717,717,156.0,5001,5001,5458.0,3662.43,3382.28,1592.0,34
TL,9,15,777,777,257.0,5001,5001,5522.0,3602.21,3327.93,1626.41,29
TL,10,2,936,936,264.0,5001,5001,5407.0,3211.19,2972.67,1478.84,12
TL,10,3,1649,1649,329.0,5001,5001,5658.0,4122.4,3812.72,2005.16,43
TL,10,4,699,699,140.0,5001,5001,5609.0,4352.66,4027.88,2092.15,60
TL,10,5,1308,1308,389.0,5001,5001,5591.0,4405.71,4086.92,2113.14,60
TL,10,6,1426,1426,320.0,5001,5001,5492.0,4619.27,4284.6,2170.3,69
TL,10,7,830,830,153.0,5001,5001,5669.0,4508.58,4182.11,2127.26,69
TL,10,8,1063,1063,198.0,5001,5001,5452.0,4609.37,4281.9,2197.47,78
TL,10,9,1596,1596,393.0,5001,5001,5483.0,4514.63,4193.06,2166.16,66
TL,10,10,1200,1200,297.0,5001,5001,5486.0,4527.48,4205.48,2159.88,66
TL,10,11,1210,1210,289.0,5001,5001,5494.0,4445.06,4125.4,2149.16,64
TL,10,12,1667,1667,471.0,5001,5001,5464.0,4594.79,4267.82,2224.21,71
TL,10,13,1786,1786,473.0,5001,5001,5654.0,4557.69,4231.5,2219.59,71
TL,10,14,1640,1640,464.0,5001,5001,5431.0,4454.85,4136.03,2153.76,61
TL,10,15,1888,1888,458.0,5001,5001,5563.0,4661.53,4329.93,2286.82,74
TL,11,2,1463,1463,446.0,5001,5001,5461.0,4430.72,4111.33,2298.06,59
TL,11,3,1037,1037,210.0,5001,5001,5617.0,4727.67,4392.76,2463.28,83
TL,11,4,2813,2813,973.0,5001,5001,5741.0,4871.36,4534.3,2543.32,88
TL,11,5,2012,2012,684.0,5001,5001,5837.0,4908.75,4575.17,2518.28,95
TL,11,6,2205,2205,773.0,5001,5001,5740.0,4879.37,4554.24,2488.88,91
TL,11,7,2159,2159,566.0,5001,5001,5571.0,4832.39,4512.94,2422.46,89
TL,11,8,2457,2457,825.0,5001,5001,5780.0,4955.94,4631.46,2530.96,96
TL,11,9,2846,2846,730.0,5001,5001,5880.0,4936.73,4609.16,2569.33,94
TL,11,10,3335,3335,974.0,5001,5001,5521.0,4971.9,4644.52,2527.39,96
TL,11,11,1398,1398,442.0,5001,5001,5601.0,4896.38,4573.42,2474.54,94
TL,11,12,3107,3107,914.0,5001,5001,5966.0,4910.02,4586.85,2541.46,91
TL,11,13,3375,3375,1103.0,5001,5001,5648.0,4941.87,4615.47,2547.98,94
TL,11,14,3695,3695,1098.0,5001,5001,6060.0,4984.66,4655.88,2675.45,98
TL,11,15,1910,1910,703.0,5001,5001,5779.0,4930.76,4604.73,2560.18,88
TL,12,2,2966,2966,1126.0,5001,5001,5905.0,4878.05,4549.35,2643.97,89
TL,12,3,4180,4180,1565.0,5001,5001,5874.0,4986.92,4657.03,2735.42,97
TL,12,4,3624,3624,1457.0,5001,5001,6641.0,4987.23,4668.18,2631.76,99
TL,12,5,9999999,9999999,9999999,-1,-1,-1,0.0,0.0,0.0,100
TL,12,6,9999999,9999999,9999999,-1,-1,-1,0.0,0.0,0.0,100
TL,12,7,9999999,9999999,9999999,-1,-1,-1,0.0,0.0,0.0,100
TL,12,8,9999999,9999999,9999999,-1,-1,-1,0.0,0.0,0.0,100
TL,12,9,9999999,9999999,9999999,-1,-1,-1,0.0,0.0,0.0,100
TL,12,10,9999999,9999999,9999999,-1,-1,-1,0.0,0.0,0.0,100
TL,12,11,9999999,9999999,9999999,-1,-1,-1,0.0,0.0,0.0,100
TL,12,12,9999999,9999999,9999999,-1,-1,-1,0.0,0.0,0.0,100
TL,12,13,9999999,9999999,9999999,-1,-1,-1,0.0,0.0,0.0,100
TL,12,14,9999999,9999999,9999999,-1,-1,-1,0.0,0.0,0.0,100
TL,12,15,9999999,9999999,9999999,-1,-1,-1,0.0,0.0,0.0,100
TL,13,2,9999999,9999999,9999999,-1,-1,-1,0.0,0.0,0.0,100
TL,13,3,9999999,9999999,9999999,-1,-1,-1,0.0,0.0,0.0,100
TL,13,4,9999999,9999999,9999999,-1,-1,-1,0.0,0.0,0.0,100
TL,13,5,9999999,9999999,9999999,-1,-1,-1,0.0,0.0,0.0,100
TL,13,6,9999999,9999999,9999999,-1,-1,-1,0.0,0.0,0.0,100
TL,13,7,9999999,9999999,9999999,-1,-1,-1,0.0,0.0,0.0,100
TL,13,8,9999999,9999999,9999999,-1,-1,-1,0.0,0.0,0.0,100
TL,13,9,9999999,9999999,9999999,-1,-1,-1,0.0,0.0,0.0,100
TL,13,10,9999999,9999999,9999999,-1,-1,-1,0.0,0.0,0.0,100
TL,13,11,9999999,9999999,9999999,-1,-1,-1,0.0,0.0,0.0,100
TL,13,12,9999999,9999999,9999999,-1,-1,-1,0.0,0.0,0.0,100
TL,13,13,9999999,9999999,9999999,-1,-1,-1,0.0,0.0,0.0,100
TL,13,14,9999999,9999999,9999999,-1,-1,-1,0.0,0.0,0.0,100
TL,13,15,9999999,9999999,9999999,-1,-1,-1,0.0,0.0,0.0,100
TL,14,2,9999999,9999999,9999999,-1,-1,-1,0.0,0.0,0.0,100
TL,14,3,9999999,9999999,9999999,-1,-1,-1,0.0,0.0,0.0,100
TL,14,4,9999999,9999999,9999999,-1,-1,-1,0.0,0.0,0.0,100
TL,14,5,9999999,9999999,9999999,-1,-1,-1,0.0,0.0,0.0,100
TL,14,6,9999999,9999999,9999999,-1,-1,-1,0.0,0.0,0.0,100
TL,14,7,9999999,9999999,9999999,-1,-1,-1,0.0,0.0,0.0,100
TL,14,8,9999999,9999999,9999999,-1,-1,-1,0.0,0.0,0.0,100
TL,14,9,9999999,9999999,9999999,-1,-1,-1,0.0,0.0,0.0,100
TL,14,10,9999999,9999999,9999999,-1,-1,-1,0.0,0.0,0.0,100
TL,14,11,9999999,9999999,9999999,-1,-1,-1,0.0,0.0,0.0,100
TL,14,12,9999999,9999999,9999999,-1,-1,-1,0.0,0.0,0.0,100
TL,14,13,9999999,9999999,9999999,-1,-1,-1,0.0,0.0,0.0,100
TL,14,14,9999999,9999999,9999999,-1,-1,-1,0.0,0.0,0.0,100
TL,14,15,9999999,9999999,9999999,-1,-1,-1,0.0,0.0,0.0,100
TL,15,2,9999999,9999999,9999999,-1,-1,-1,0.0,0.0,0.0,100
TL,15,3,9999999,9999999,9999999,-1,-1,-1,0.0,0.0,0.0,100
TL,15,4,9999999,9999999,9999999,-1,-1,-1,0.0,0.0,0.0,100
TL,15,5,9999999,9999999,9999999,-1,-1,-1,0.0,0.0,0.0,100
TL,15,6,9999999,9999999,9999999,-1,-1,-1,0.0,0.0,0.0,100
TL,15,7,9999999,9999999,9999999,-1,-1,-1,0.0,0.0,0.0,100
TL,15,8,9999999,9999999,9999999,-1,-1,-1,0.0,0.0,0.0,100
TL,15,9,9999999,9999999,9999999,-1,-1,-1,0.0,0.0,0.0,100
TL,15,10,9999999,9999999,9999999,-1,-1,-1,0.0,0.0,0.0,100
TL,15,11,9999999,9999999,9999999,-1,-1,-1,0.0,0.0,0.0,100
TL,15,12,9999999,9999999,9999999,-1,-1,-1,0.0,0.0,0.0,100
TL,15,13,9999999,9999999,9999999,-1,-1,-1,0.0,0.0,0.0,100
TL,15,14,9999999,9999999,9999999,-1,-1,-1,0.0,0.0,0.0,100
TL,15,15,9999999,9999999,9999999,-1,-1,-1,0.0,0.0,0.0,100
